,PassengerId,Survived,Pclass,Name,Sex,Age,SibSp,Parch,Ticket,Fare,Embarked
0,1,0,3,"Braund, Mr. Owen Harris",0,-0.5654188991856516,1,0,A/5 21171,-0.5021631365156053,S
2,3,1,3,"Heikkinen, Miss. Laina",1,-0.2581920767831734,0,0,STON/O2. 3101282,-0.48857985158126105,S
3,4,1,1,"Futrelle, Mrs. Jacques Heath (Lily May Peel)",1,0.43306827362240224,1,0,113803,0.4204940697654092,S
4,5,0,3,"Allen, Mr. William Henry",0,0.43306827362240224,0,0,373450,-0.48606442844527137,S
5,6,0,3,"Moran, Mr. James",0,-0.10457866558193436,0,0,330877,-0.4778480503138746,Q
6,7,0,1,"McCarthy, Mr. Timothy J",0,1.892395680034173,0,0,17463,0.3955913807191113,S
7,8,0,3,"Palsson, Master. Gosta Leonard",0,-2.101553011198042,3,1,349909,-0.22395733767514675,S
8,9,1,3,"Johnson, Mrs. Oscar W (Elisabeth Vilhelmina Berg)",1,-0.1813853711825539,0,2,347742,-0.42401799520369554,S
9,10,1,2,"Nasser, Mrs. Nicholas (Adele Achem)",1,-1.1798725439906077,1,0,237736,-0.04293139010125906,C
10,11,1,3,"Sandstrom, Miss. Marguerite Rut",1,-1.947939599996803,1,1,PP 9549,-0.3119971474347855,S
11,12,1,1,"Bonnell, Miss. Elizabeth",1,2.199622502436651,0,0,113783,-0.11378180431879874,S
12,13,0,3,"Saundercock, Mr. William Henry",0,-0.7190323103868906,0,0,A/5. 2151,-0.48606442844527137,S
13,14,0,3,"Andersson, Mr. Anders Johan",0,0.7402950960248803,1,5,347082,-0.018698809778388878,S
14,15,0,3,"Vestrom, Miss. Hulda Amanda Adolfina",1,-1.1798725439906077,0,0,350406,-0.4900045872454856,S
15,16,1,2,"Hewlett, Mrs. (Mary D Kingcome) ",1,1.9692023856347927,0,0,248706,-0.32608351699632776,S
16,17,0,3,"Rice, Master. Eugene",0,-2.101553011198042,4,1,382652,-0.06196408771741135,Q
17,18,1,2,"Williams, Mr. Charles Eugene",0,-0.10457866558193436,0,0,244373,-0.38645367226008004,S
18,19,0,3,"Vander Planke, Mrs. Julius (Emelia Maria Vandemoortele)",1,0.12584145121992418,1,0,345763,-0.28583674682049287,S
19,20,1,3,"Masselmani, Mrs. Fatima",1,-0.10457866558193436,0,0,2649,-0.5026662211428032,C
20,21,0,2,"Fynney, Mr. Joseph J",0,0.43306827362240224,0,0,239865,-0.12484966611715335,S
21,22,1,2,"Beesley, Mr. Lawrence",0,0.3562615680217827,0,0,248698,-0.38645367226008004,S
22,23,1,3,"McGowan, Miss. Anna ""Annie""",1,-1.1030658383899883,0,0,330923,-0.48648299485510005,Q
23,24,1,1,"Sloper, Mr. William Thompson",0,-0.10457866558193436,0,0,113788,0.0663224922180623,S
24,25,0,3,"Palsson, Miss. Torborg Danira",1,-1.6407127775943249,3,1,349909,-0.22395733767514675,S
25,26,1,3,"Asplund, Mrs. Carl Oscar (Selma Augusta Emilia Johansson)",1,0.6634883904242608,1,5,347077,-0.016434928955998154,S
26,27,0,3,"Emir, Mr. Farred Chehab",0,-0.10457866558193436,0,0,2631,-0.5026662211428032,C
28,29,1,3,"O'Dwyer, Miss. Ellen ""Nellie""",1,-0.10457866558193436,0,0,330959,-0.4895015026182876,Q
29,30,0,3,"Todoroff, Mr. Lalio",0,-0.10457866558193436,0,0,349216,-0.4891674544258282,S
30,31,0,1,"Uruchurtu, Don. Manuel E",0,0.8171018016254998,0,0,PC 17601,-0.09022134505786501,C
32,33,1,3,"Glynn, Miss. Mary Agatha",1,-0.10457866558193436,0,0,335677,-0.49210144397164657,Q
33,34,0,2,"Wheadon, Mr. Edward H",0,2.814076147241607,0,0,C.A. 24579,-0.43676213497987365,S
35,36,0,1,"Holverson, Mr. Alexander Oskar",0,0.9707152128267388,1,0,113789,0.39835834616870003,S
36,37,1,3,"Mamee, Mr. Hanna",0,-0.10457866558193436,0,0,2677,-0.502581702925434,C
37,38,0,3,"Cann, Mr. Ernest Charles",0,-0.6422256047862711,0,0,A./5. 2152,-0.48606442844527137,S
38,39,0,3,"Vander Planke, Miss. Augusta Maria",1,-0.8726457215881296,2,0,345764,-0.28583674682049287,S
39,40,1,3,"Nicola-Yarred, Miss. Jamila",1,-1.1798725439906077,1,0,2651,-0.4218366202601652,C
40,41,0,3,"Ahlin, Mrs. Johan (Johanna Persdotter Larsson)",1,0.8171018016254998,1,0,7546,-0.457388604694989,S
41,42,0,2,"Turpin, Mrs. William John Robert (Dorothy Ann Wonnacott)",1,-0.1813853711825539,1,0,11668,-0.22546659155674054,S
42,43,0,3,"Kraeff, Mr. Theodor",0,-0.10457866558193436,0,0,349253,-0.4891674544258282,C
43,44,1,2,"Laroche, Miss. Simonne Marie Anne Andree",1,-2.024746305597423,1,2,SC/Paris 2123,0.18865657484452997,C
44,45,1,3,"Devaney, Miss. Margaret Delia",1,-0.7958390159875102,0,0,330958,-0.4895015026182876,Q
45,46,0,3,"Rogers, Mr. William John",0,-0.10457866558193436,0,0,S.C./A.4. 23567,-0.48606442844527137,S
46,47,0,3,"Lennon, Mr. Denis",0,-0.10457866558193436,1,0,370371,-0.3361452095402864,Q
47,48,1,3,"O'Driscoll, Miss. Bridget",1,-0.10457866558193436,0,0,14311,-0.49210144397164657,Q
48,49,0,3,"Samaan, Mr. Youssef",0,-0.10457866558193436,2,0,2662,-0.211798788405027,C
49,50,0,3,"Arnold-Franchi, Mrs. Josef (Josefine Franchi)",1,-0.8726457215881296,1,0,349237,-0.28986142383807634,S
50,51,0,3,"Panula, Master. Juha Niilo",0,-1.7175194831949443,4,1,3101295,0.15058916727371655,S
51,52,0,3,"Nosworthy, Mr. Richard Cater",0,-0.6422256047862711,0,0,A/4. 39886,-0.49109527471725073,S
53,54,1,2,"Faunthorpe, Mrs. Lizzie (Elizabeth Anne Wilkinson)",1,-0.02777195998131484,1,0,2926,-0.12484966611715335,S
54,55,0,1,"Ostby, Mr. Engelhart Cornelius",0,2.7372694416409877,0,1,113509,0.5991736306380456,C
55,56,1,1,"Woolner, Mr. Hugh",0,-0.10457866558193436,0,0,19947,0.0663224922180623,S
56,57,1,2,"Rugg, Miss. Emily",1,-0.6422256047862711,0,0,C.A. 31026,-0.43676213497987365,S
57,58,0,3,"Novel, Mr. Mansouer",0,-0.0661753127816246,0,0,2697,-0.502581702925434,C
58,59,1,2,"West, Miss. Constance Mirium",1,-1.8711328943961834,1,2,C.A. 34651,-0.08963374221329784,S
59,60,0,3,"Goodwin, Master. William Frederick",0,-1.4102926607924662,5,2,CA 2144,0.29572908222032107,S
60,61,0,3,"Sirayanian, Mr. Orsen",0,-0.5654188991856516,0,0,2669,-0.502581702925434,C
63,64,0,3,"Skoog, Master. Harald",0,-1.947939599996803,3,2,347088,-0.08661523445011024,S
64,65,0,1,"Stewart, Mr. Albert A",0,-0.10457866558193436,0,0,PC 17605,-0.09022134505786501,C
65,66,1,3,"Moubarek, Master. Gerios",0,-0.10457866558193436,1,1,2661,-0.34126057402963506,C
66,67,1,2,"Nye, Mrs. (Elizabeth Ramell)",1,-0.02777195998131484,0,0,C.A. 29395,-0.43676213497987365,S
67,68,0,3,"Crease, Mr. Ernest James",0,-0.7958390159875102,0,0,S.P. 3464,-0.4838850658402499,S
68,69,1,3,"Andersson, Miss. Erna Alexandra",1,-0.9494524271887491,4,2,3101281,-0.48857985158126105,S
69,70,0,3,"Kink, Mr. Vincenz",0,-0.2581920767831734,2,0,315151,-0.4737388550789219,S
70,71,0,2,"Jenkin, Mr. Stephen Curnow",0,0.20264815682054368,0,0,C.A. 33111,-0.43676213497987365,S
71,72,0,3,"Goodwin, Miss. Lillian Amy",1,-1.0262591327893686,5,2,CA 2144,0.29572908222032107,S
73,74,0,3,"Chronopoulos, Mr. Apostolos",0,-0.2581920767831734,1,0,2680,-0.3571902456652305,C
74,75,1,3,"Bing, Mr. Lee",0,0.20264815682054368,0,0,1601,0.48882906084695926,S
75,76,0,3,"Moen, Mr. Sigurd Hansen",0,-0.33499878238379294,0,0,348123,-0.49411378248043836,S
76,77,0,3,"Staneff, Mr. Ivan",0,-0.10457866558193436,0,0,349208,-0.4891674544258282,S
77,78,0,3,"Moutal, Mr. Rahamin Haim",0,-0.10457866558193436,0,0,374746,-0.48606442844527137,S
78,79,1,2,"Caldwell, Master. Alden Gates",0,-2.191416856750767,0,2,248738,-0.06447951085340103,S
79,80,1,3,"Dowdell, Miss. Elizabeth",1,0.049034745619304695,0,0,364516,-0.39701844943123665,S
80,81,0,3,"Waelens, Mr. Achille",0,-0.5654188991856516,0,0,345767,-0.4669472126117498,S
81,82,1,3,"Sheerlinck, Mr. Jan Baptist",0,-0.02777195998131484,0,0,345779,-0.4568855200677911,S
82,83,1,3,"McDermott, Miss. Brigdet Delia",1,-0.10457866558193436,0,0,330932,-0.49134681703084965,Q
83,84,0,1,"Carrau, Mr. Francisco M",0,-0.10457866558193436,0,0,113059,0.2997537592379046,S
84,85,1,2,"Ilett, Miss. Bertha",1,-0.9494524271887491,0,0,SO/C 14885,-0.43676213497987365,S
85,86,1,3,"Backstrom, Mrs. Karl Alfred (Maria Mathilda Gustafsson)",1,0.2794548624211632,3,0,3101278,-0.32910202475951533,S
86,87,0,3,"Ford, Mr. William Neal",0,-1.0262591327893686,1,3,W./C. 6608,0.043683683994155204,S
87,88,0,3,"Slocovski, Mr. Selman Francis",0,-0.10457866558193436,0,0,SOTON/OQ 392086,-0.48606442844527137,S
89,90,0,3,"Celotti, Mr. Francesco",0,-0.41180548798441247,0,0,343275,-0.48606442844527137,S
90,91,0,3,"Christmann, Mr. Emil",0,-0.02777195998131484,0,0,343276,-0.48606442844527137,S
91,92,0,3,"Andreasson, Mr. Paul Edvin",0,-0.7190323103868906,0,0,347466,-0.4900045872454856,S
92,93,0,1,"Chaffee, Mr. Herbert Fuller",0,1.277942035229217,1,0,W.E.P. 5734,0.5829904043503424,S
93,94,0,3,"Dean, Mr. Bertram Frank",0,-0.2581920767831734,1,2,C.A. 2315,-0.23401903021910547,S
94,95,0,3,"Coxon, Mr. Daniel",0,2.2764292080372703,0,0,364500,-0.5021631365156053,S
95,96,0,3,"Shorney, Mr. Charles Joseph",0,-0.10457866558193436,0,0,374910,-0.48606442844527137,S
96,97,0,1,"Goldschmidt, Mr. George B",0,3.1981096752447047,0,0,PC 17754,0.04930213311070181,C
97,98,1,1,"Greenfield, Mr. William Bertram",0,-0.488612193585032,0,1,PC 17759,0.6269257910127927,C
98,99,1,2,"Doling, Mrs. John T (Ada Julia Bone)",1,0.3562615680217827,0,1,231919,-0.18521982138090567,S
99,100,0,2,"Kantor, Mr. Sinai",0,0.3562615680217827,1,0,244367,-0.12484966611715335,S
100,101,0,3,"Petranec, Miss. Matilda",1,-0.10457866558193436,0,0,349245,-0.4891674544258282,S
101,102,0,3,"Petroff, Mr. Pastcho (""Pentcho"")",0,-0.10457866558193436,0,0,349215,-0.4891674544258282,S
103,104,0,3,"Johansson, Mr. Gustaf Joel",0,0.2794548624211632,0,0,7540,-0.47390587917515165,S
104,105,0,3,"Gustafsson, Mr. Anders Vilhelm",0,0.5866816848236412,2,0,3101276,-0.48857985158126105,S
105,106,0,3,"Mionoff, Mr. Stoytcho",0,-0.10457866558193436,0,0,349207,-0.4891674544258282,S
106,107,1,3,"Salkjelsvik, Miss. Anna Kristine",1,-0.6422256047862711,0,0,343120,-0.49411378248043836,S
107,108,1,3,"Moss, Mr. Albert Johan",0,-0.10457866558193436,0,0,312991,-0.4915983593444487,S
108,109,0,3,"Rekic, Mr. Tido",0,0.6634883904242608,0,0,349249,-0.4891674544258282,S
109,110,1,3,"Moran, Miss. Bertha",1,-0.10457866558193436,1,0,371110,-0.16207792852980066,Q
110,111,0,1,"Porter, Mr. Walter Chamberlain",0,1.3547487408298364,0,0,110465,0.39835834616870003,S
111,112,0,3,"Zabour, Miss. Hileni",1,-1.1414691911902979,1,0,2665,-0.3571902456652305,C
112,113,0,3,"Barton, Mr. David John",0,-0.5654188991856516,0,0,324669,-0.48606442844527137,S
113,114,0,3,"Jussila, Miss. Katriina",1,-0.7190323103868906,1,0,4136,-0.45034541991421795,S
114,115,0,3,"Attalah, Miss. Malake",1,-0.9494524271887491,0,0,2627,-0.35710773978637,C
115,116,0,3,"Pekoniemi, Mr. Edvard",0,-0.6422256047862711,0,0,STON/O 2. 3101294,-0.48857985158126105,S
116,117,0,3,"Connors, Mr. Patrick",0,3.159706322444395,0,0,370369,-0.49210144397164657,Q
117,118,0,2,"Turpin, Mr. William John Robert",0,-0.02777195998131484,1,0,11668,-0.22546659155674054,S
119,120,0,3,"Andersson, Miss. Ellis Anna Maria",1,-2.101553011198042,4,2,347082,-0.018698809778388878,S
121,122,0,3,"Moore, Mr. Leonard Charles",0,-0.10457866558193436,0,0,A4. 54510,-0.48606442844527137,S
122,123,0,2,"Nasser, Mr. Nicholas",0,0.24105150962085345,1,0,237736,-0.04293139010125906,C
123,124,1,2,"Webber, Miss. Susan",1,0.24105150962085345,0,0,27267,-0.38645367226008004,S
125,126,1,3,"Nicola-Yarred, Master. Elias",0,-1.3334859551918468,1,0,2651,-0.4218366202601652,C
126,127,0,3,"McMahon, Mr. Martin",0,-0.10457866558193436,0,0,370372,-0.49210144397164657,Q
127,128,1,3,"Madsen, Mr. Fridtjof Arne",0,-0.41180548798441247,0,0,C 17369,-0.5043424991206268,S
128,129,1,3,"Peter, Miss. Anna",1,-0.10457866558193436,1,1,2668,-0.1981329975918223,C
129,130,0,3,"Ekstrom, Mr. Johan",0,1.2011353296285974,0,0,347061,-0.5076970674147826,S
130,131,0,3,"Drazenoic, Mr. Jozef",0,0.2794548624211632,0,0,349241,-0.4891674544258282,C
131,132,0,3,"Coelho, Mr. Domingos Fernandeo",0,-0.7190323103868906,0,0,SOTON/O.Q. 3101307,-0.5061878135331888,S
132,133,0,3,"Robins, Mrs. Alexander A (Grace Charity Laury)",1,1.3547487408298364,1,0,A/5. 3337,-0.35626859462820387,S
133,134,1,2,"Weisz, Mrs. Leopold (Mathilde Francoise Pede)",1,-0.02777195998131484,1,0,228414,-0.12484966611715335,S
134,135,0,2,"Sobey, Mr. Samuel James Hayden",0,-0.33499878238379294,0,0,C.A. 29178,-0.38645367226008004,S
135,136,0,2,"Richard, Mr. Emile",0,-0.488612193585032,0,0,SC/PARIS 2133,-0.3452852510472186,C
136,137,1,1,"Newsom, Miss. Helen Monypeny",1,-0.7958390159875102,0,2,11752,-0.11914871112174633,S
137,138,0,1,"Futrelle, Mr. Jacques Heath",0,0.5866816848236412,1,0,113803,0.4204940697654092,S
138,139,0,3,"Osen, Mr. Olaf Elon",0,-1.0262591327893686,0,0,7534,-0.4625864750631981,S
140,141,0,3,"Boulos, Mrs. Joseph (Sultana)",1,-0.10457866558193436,0,2,2678,-0.34126057402963506,C
141,142,1,3,"Nysten, Miss. Anna Sofia",1,-0.5654188991856516,0,0,347081,-0.49210144397164657,S
142,143,1,3,"Hakkarainen, Mrs. Pekka Pietari (Elin Matilda Dolck)",1,-0.41180548798441247,1,0,STON/O2. 3101279,-0.32910202475951533,S
143,144,0,3,"Burke, Mr. Jeremiah",0,-0.7958390159875102,0,0,365222,-0.512224829059564,Q
144,145,0,2,"Andrew, Mr. Edgardo Samuel",0,-0.8726457215881296,0,0,231945,-0.4166387498919562,S
145,146,0,2,"Nicholls, Mr. Joseph Charles",0,-0.7958390159875102,1,1,C.A. 33112,0.09147672357795911,S
146,147,1,3,"Andersson, Mr. August Edvard (""Wennerstrom"")",0,-0.1813853711825539,0,0,350043,-0.49117979293462,S
147,148,0,3,"Ford, Miss. Robina Maggie ""Ruby""",1,-1.5639060719937052,2,2,W./C. 6608,0.043683683994155204,S
148,149,0,2,"Navratil, Mr. Michel (""Louis M Hoffman"")",0,0.5482783320233314,0,2,230080,-0.12484966611715335,S
149,150,0,2,"Byles, Rev. Thomas Roussel Davids",0,0.9707152128267388,0,0,244310,-0.38645367226008004,S
150,151,0,2,"Bateman, Rev. Robert James",0,1.6619755632323145,0,0,S.O.P. 1166,-0.39601228017684087,S
152,153,0,3,"Meo, Mr. Alfonzo",0,2.0076057384351023,0,0,A.5. 11206,-0.48606442844527137,S
153,154,0,3,"van Billiard, Mr. Austin Blyler",0,0.8555051544258095,0,2,A/5. 851,-0.35626859462820387,S
154,155,0,3,"Olsen, Mr. Ole Martin",0,-0.10457866558193436,0,0,Fa 265302,-0.5009054249476105,S
155,156,0,1,"Williams, Mr. Charles Duane",0,1.6619755632323145,0,1,PC 17597,0.5870995995852952,C
156,157,1,3,"Gilnagh, Miss. Katherine ""Katie""",1,-1.0262591327893686,0,0,35851,-0.4924375045026148,Q
157,158,0,3,"Corn, Mr. Harry",0,0.049034745619304695,0,0,SOTON/OQ 392090,-0.48606442844527137,S
158,159,0,3,"Smiljanic, Mr. Mile",0,-0.10457866558193436,0,0,315037,-0.4737388550789219,S
160,161,0,3,"Cribb, Mr. John Hatfield",0,1.124328624027978,0,1,371362,-0.32407117848753597,S
161,162,1,2,"Watt, Mrs. James (Elizabeth ""Bessie"" Inglis Milne)",1,0.8171018016254998,0,0,C.A. 33595,-0.33111436326830707,S
162,163,0,3,"Bengtsson, Mr. John Viktor",0,-0.2581920767831734,0,0,347068,-0.4915983593444487,S
163,164,0,3,"Calic, Mr. Jovo",0,-0.9494524271887491,0,0,315093,-0.4737388550789219,S
164,165,0,3,"Panula, Master. Eino Viljami",0,-2.1783597167986617,4,1,3101295,0.15058916727371655,S
165,166,1,3,"Goldsmith, Master. Frank John William ""Frankie""",0,-1.5639060719937052,0,2,363291,-0.23502519947350137,S
166,167,1,1,"Chibnall, Mrs. (Edith Martha Bowerman)",1,-0.10457866558193436,0,1,113505,0.4587285014324523,S
167,168,0,3,"Skoog, Mrs. William (Anna Bernhardina Karlsson)",1,1.2011353296285974,1,4,347088,-0.08661523445011024,S
168,169,0,1,"Baumann, Mr. John D",0,-0.10457866558193436,0,0,PC 17318,-0.12635891999874715,S
169,170,0,3,"Ling, Mr. Lee",0,-0.10457866558193436,0,0,1601,0.48882906084695926,S
170,171,0,1,"Van der hoef, Mr. Wyckoff",0,2.4300426192385096,0,0,111240,0.026075722042227446,S
171,172,0,3,"Rice, Master. Arthur",0,-1.947939599996803,4,1,382652,-0.06196408771741135,Q
172,173,1,3,"Johnson, Miss. Eleanor Ileen",1,-2.1783597167986617,1,1,347742,-0.42401799520369554,S
173,174,0,3,"Sivola, Mr. Antti Wilhelm",0,-0.6422256047862711,0,0,STON/O 2. 3101280,-0.48857985158126105,S
174,175,0,1,"Smith, Mr. James Clinch",0,2.046009091235412,0,0,17764,-0.03035427442131066,C
175,176,0,3,"Klasen, Mr. Klas Albin",0,-0.8726457215881296,1,1,350404,-0.4900045872454856,S
176,177,0,3,"Lefebre, Master. Henry Forbes",0,-0.10457866558193436,3,1,4133,-0.13558146738453974,S
177,178,0,1,"Isham, Miss. Ann Elizabeth",1,1.585168857631695,0,0,PC 17595,-0.07026498406617733,C
178,179,0,2,"Hale, Mr. Reginald",0,0.049034745619304695,0,0,250653,-0.38645367226008004,S
179,180,0,3,"Leonard, Mr. Lionel",0,0.5098749792230217,0,0,LINE,-0.6480576784030068,S
181,182,0,2,"Pernot, Mr. Rene",0,-0.10457866558193436,0,0,SC/PARIS 2131,-0.3452007328298493,C
182,183,0,3,"Asplund, Master. Clarence Gustaf Hugo",0,-1.5639060719937052,4,2,347077,-0.016434928955998154,S
183,184,1,2,"Becker, Master. Richard F",0,-2.1783597167986617,2,1,230136,0.13675434002577333,S
184,185,1,3,"Kink-Heilmann, Miss. Luise Gretchen",1,-1.947939599996803,0,2,315153,-0.2048401218416252,S
185,186,0,1,"Rood, Mr. Hugh Roscoe",0,-0.10457866558193436,0,0,113767,0.35811157599286514,S
186,187,1,3,"O'Brien, Mrs. Thomas (Johanna ""Hannah"" Godfrey)",1,-0.10457866558193436,1,0,370365,-0.3361452095402864,Q
187,188,1,1,"Romaine, Mr. Charles Hallace (""Mr C Rolmane"")",0,1.2011353296285974,0,0,111428,-0.11378180431879874,S
188,189,0,3,"Bourke, Mr. John",0,0.8171018016254998,1,1,364849,-0.3361452095402864,Q
189,190,0,3,"Turcin, Mr. Stjepan",0,0.5098749792230217,0,0,349247,-0.4891674544258282,S
190,191,1,2,"Pinsky, Mrs. (Rosa)",1,0.20264815682054368,0,0,234604,-0.38645367226008004,S
191,192,0,2,"Carbines, Mr. William",0,-0.7958390159875102,0,0,28424,-0.38645367226008004,S
192,193,1,3,"Andersen-Jensen, Miss. Carla Christine Nielsine",1,-0.7958390159875102,1,0,350046,-0.4900045872454856,S
193,194,1,2,"Navratil, Master. Michel M",0,-2.024746305597423,1,1,230080,-0.12484966611715335,S
194,195,1,1,"Brown, Mrs. James Joseph (Margaret Tobin)",1,1.124328624027978,0,0,PC 17610,-0.09022134505786501,C
196,197,0,3,"Mernagh, Mr. Robert",0,-0.10457866558193436,0,0,368703,-0.49210144397164657,Q
197,198,0,3,"Olsen, Mr. Karl Siegwart Andreas",0,0.9707152128267388,0,1,4579,-0.478936725447131,S
198,199,1,3,"Madigan, Miss. Margaret ""Maggie""",1,-0.10457866558193436,0,0,370370,-0.49210144397164657,Q
199,200,0,2,"Yrois, Miss. Henriette (""Mrs Harbeck"")",1,-0.41180548798441247,0,0,248747,-0.38645367226008004,S
200,201,0,3,"Vande Walle, Mr. Nestor Cyriel",0,-0.10457866558193436,0,0,345770,-0.4568855200677911,S
202,203,0,3,"Johanson, Mr. Jakob Alfred",0,0.3562615680217827,0,0,3101264,-0.5173401935489127,S
203,204,0,3,"Youseff, Mr. Gerious",0,1.2395386824289072,0,0,2628,-0.5026662211428032,C
204,205,1,3,"Cohen, Mr. Gurshon ""Gus""",0,-0.8726457215881296,0,0,A/5 3540,-0.48606442844527137,S
205,206,0,3,"Strom, Miss. Telma Matilda",1,-2.101553011198042,0,1,347054,-0.43751676192067057,S
206,207,0,3,"Backstrom, Mr. Karl Alfred",0,0.20264815682054368,1,0,3101278,-0.32910202475951533,S
207,208,1,3,"Albimona, Mr. Nassef Cassem",0,-0.2581920767831734,0,0,2699,-0.26998958106375787,C
208,209,1,3,"Carr, Miss. Helen ""Ellen""",1,-1.0262591327893686,0,0,367231,-0.49210144397164657,Q
209,210,1,1,"Blank, Mr. Henry",0,0.8171018016254998,0,0,112277,-0.024232740677566145,C
210,211,0,3,"Ali, Mr. Ahmed",0,-0.41180548798441247,0,0,SOTON/O.Q. 3101311,-0.5061878135331888,S
211,212,1,2,"Cameron, Miss. Clear Annie",1,0.43306827362240224,0,0,F.C.C. 13528,-0.22546659155674054,S
212,213,0,3,"Perkin, Mr. John Henry",0,-0.5654188991856516,0,0,A/5 21174,-0.5021631365156053,S
213,214,0,2,"Givard, Mr. Hans Kristensen",0,0.049034745619304695,0,0,250646,-0.38645367226008004,S
214,215,0,3,"Kiernan, Mr. Philip",0,-0.10457866558193436,1,0,367229,-0.49210144397164657,Q
216,217,1,3,"Honkanen, Miss. Eliina",1,-0.1813853711825539,0,0,STON/O2. 3101283,-0.48857985158126105,S
217,218,0,2,"Jacobsohn, Mr. Sidney Samuel",0,0.9707152128267388,1,0,243847,-0.10472628102923591,S
219,220,0,2,"Harris, Mr. Walter",0,0.049034745619304695,0,0,W/C 14208,-0.43676213497987365,S
220,221,1,3,"Sunderland, Mr. Victor Francis",0,-1.0262591327893686,0,0,SOTON/OQ 392089,-0.48606442844527137,S
221,222,0,2,"Bracken, Mr. James H",0,-0.1813853711825539,0,0,220367,-0.38645367226008004,S
222,223,0,3,"Green, Mr. George Henry",0,1.6619755632323145,0,0,21440,-0.48606442844527137,S
223,224,0,3,"Nenkoff, Mr. Christo",0,-0.10457866558193436,0,0,349234,-0.4891674544258282,S
225,226,0,3,"Berglund, Mr. Karl Ivar Sven",0,-0.5654188991856516,0,0,PP 4348,-0.45990402783097867,S
226,227,1,2,"Mellors, Mr. William John",0,-0.7958390159875102,0,0,SW/PP 751,-0.43676213497987365,S
227,228,0,3,"Lovell, Mr. John Hall (""Henry"")",0,-0.6806289575865808,0,0,A/5 21173,-0.5021631365156053,S
228,229,0,2,"Fahlstrom, Mr. Arne Jonas",0,-0.8726457215881296,0,0,236171,-0.38645367226008004,S
229,230,0,3,"Lefebre, Miss. Mathilde",1,-0.10457866558193436,3,1,4133,-0.13558146738453974,S
231,232,0,3,"Larsson, Mr. Bengt Edvin",0,-0.02777195998131484,0,0,347067,-0.4915983593444487,S
232,233,0,2,"Sjostedt, Mr. Ernst Adolf",0,2.2764292080372703,0,0,237442,-0.3763919797161213,S
233,234,1,3,"Asplund, Miss. Lillian Gertrud",1,-1.8711328943961834,4,2,347077,-0.016434928955998154,S
234,235,0,2,"Leyson, Mr. Robert William Norman",0,-0.41180548798441247,0,0,C.A. 29566,-0.43676213497987365,S
235,236,0,3,"Harknett, Miss. Alice Phoebe",1,-0.10457866558193436,0,0,W./C. 6609,-0.4961261209892301,S
236,237,0,2,"Hold, Mr. Stephen",0,1.124328624027978,1,0,26707,-0.12484966611715335,S
237,238,1,2,"Collyer, Miss. Marjorie ""Lottie""",1,-1.6407127775943249,0,2,C.A. 31921,-0.119818819845174,S
238,239,0,2,"Pengelly, Mr. Frederick William",0,-0.7958390159875102,0,0,28665,-0.43676213497987365,S
239,240,0,2,"Hunt, Mr. George Henry",0,0.2794548624211632,0,0,SCO/W 1585,-0.40104312644882023,S
240,241,0,3,"Zabour, Miss. Thamine",1,-0.10457866558193436,1,0,2665,-0.3571902456652305,C
241,242,1,3,"Murphy, Miss. Katherine ""Kate""",1,-0.10457866558193436,1,0,367230,-0.3361452095402864,Q
242,243,0,2,"Coleridge, Mr. Reginald Charles",0,-0.02777195998131484,0,0,W./C. 14263,-0.43676213497987365,S
243,244,0,3,"Maenpaa, Mr. Matti Alexanteri",0,-0.5654188991856516,0,0,STON/O 2. 3101275,-0.504678559651595,S
244,245,0,3,"Attalah, Mr. Sleiman",0,0.049034745619304695,0,0,2694,-0.5026662211428032,C
246,247,0,3,"Lindahl, Miss. Agda Thorilda Viktoria",1,-0.33499878238379294,0,0,347071,-0.4915983593444487,S
247,248,1,2,"Hamalainen, Mrs. William (Anna)",1,-0.41180548798441247,0,2,250649,-0.35626859462820387,S
248,249,1,1,"Beckwith, Mr. Richard Leonard",0,0.5866816848236412,1,1,11751,0.40951072618442386,S
249,250,0,2,"Carter, Rev. Ernest Courtenay",0,1.892395680034173,1,0,244252,-0.12484966611715335,S
250,251,0,3,"Reed, Mr. James George",0,-0.10457866558193436,0,0,362316,-0.5021631365156053,S
251,252,0,3,"Strom, Mrs. Wilhelm (Elna Matilda Persson)",1,-0.02777195998131484,1,1,347054,-0.43751676192067057,S
252,253,0,1,"Stead, Mr. William Thomas",0,2.506849324839129,0,0,113514,-0.11378180431879874,S
253,254,0,3,"Lobb, Mr. William Arthur",0,0.049034745619304695,1,0,A/5. 3336,-0.32407117848753597,S
254,255,0,3,"Rosblom, Mrs. Viktor (Helena Wilhelmina)",1,0.8939085072261194,0,2,370129,-0.24131375731347557,S
255,256,1,3,"Touma, Mrs. Darwis (Hanne Youssef Razi)",1,-0.02777195998131484,0,2,2650,-0.34126057402963506,C
259,260,1,2,"Parrish, Mrs. (Lutie Davis)",1,1.585168857631695,0,1,230433,-0.12484966611715335,S
260,261,0,3,"Smith, Mr. Thomas",0,-0.10457866558193436,0,0,384461,-0.49210144397164657,Q
261,262,1,3,"Asplund, Master. Edvin Rojj Felix",0,-2.024746305597423,4,2,347077,-0.016434928955998154,S
263,264,0,1,"Harrison, Mr. William",0,0.8171018016254998,0,0,112059,-0.6480576784030068,S
264,265,0,3,"Henry, Miss. Delia",1,-0.10457866558193436,0,0,382649,-0.49210144397164657,Q
265,266,0,2,"Reeves, Mr. David",0,0.5098749792230217,0,0,C.A. 17248,-0.43676213497987365,S
266,267,0,3,"Panula, Mr. Ernesti Arvid",0,-1.0262591327893686,4,1,3101295,0.15058916727371655,S
267,268,1,3,"Persson, Mr. Ernst Ulrik",0,-0.33499878238379294,1,0,347083,-0.4915983593444487,S
270,271,0,1,"Cairns, Mr. Alexander",0,-0.10457866558193436,0,0,113798,-0.024232740677566145,S
271,272,1,3,"Tornquist, Mr. William Henry",0,-0.33499878238379294,0,0,LINE,-0.6480576784030068,S
272,273,1,2,"Mellinger, Mrs. (Elizabeth Anne Maidment)",1,0.8939085072261194,0,1,250644,-0.2556516691886167,S
273,274,0,1,"Natsch, Mr. Charles H",0,0.5866816848236412,0,1,PC 17596,-0.05039314129185883,C
274,275,1,3,"Healy, Miss. Hanora ""Nora""",1,-0.10457866558193436,0,0,370375,-0.49210144397164657,Q
276,277,0,3,"Lindblom, Miss. Augusta Charlotta",1,1.2011353296285974,0,0,347073,-0.49210144397164657,S
277,278,0,2,"Parkes, Mr. Francis ""Frank""",0,-0.10457866558193436,0,0,239853,-0.6480576784030068,S
278,279,0,3,"Rice, Master. Eric",0,-1.7175194831949443,4,1,382652,-0.06196408771741135,Q
279,280,1,3,"Abbott, Mrs. Stanton (Rosa Hunt)",1,0.43306827362240224,1,1,C.A. 2673,-0.24055913037267862,S
280,281,0,3,"Duane, Mr. Frank",0,2.7372694416409877,0,0,336439,-0.49210144397164657,Q
281,282,0,3,"Olsson, Mr. Nils Johan Goransson",0,-0.10457866558193436,0,0,347464,-0.4900045872454856,S
282,283,0,3,"de Pelsmaeker, Mr. Alfons",0,-1.0262591327893686,0,0,345778,-0.4568855200677911,S
283,284,1,3,"Dorking, Mr. Edward Arthur",0,-0.7958390159875102,0,0,A/5. 10482,-0.48606442844527137,S
284,285,0,1,"Smith, Mr. Richard William",0,-0.10457866558193436,0,0,113056,-0.12484966611715335,S
285,286,0,3,"Stankovic, Mr. Ivan",0,0.2794548624211632,0,0,349239,-0.4737388550789219,C
286,287,1,3,"de Mulder, Mr. Theodore",0,0.049034745619304695,0,0,345774,-0.4568855200677911,S
287,288,0,3,"Naidenoff, Mr. Penko",0,-0.5654188991856516,0,0,349206,-0.4891674544258282,S
288,289,1,2,"Hosono, Mr. Masabumi",0,0.9707152128267388,0,0,237798,-0.38645367226008004,S
289,290,1,3,"Connolly, Miss. Kate",1,-0.5654188991856516,0,0,370373,-0.49210144397164657,Q
292,293,0,2,"Levy, Mr. Rene Jacques",0,0.5098749792230217,0,0,SC/Paris 2163,-0.3889690953960697,C
293,294,0,3,"Haas, Miss. Aloisia",1,-0.41180548798441247,0,0,349236,-0.4699657203749374,S
294,295,0,3,"Mineff, Mr. Ivan",0,-0.41180548798441247,0,0,349233,-0.4891674544258282,S
295,296,0,1,"Lewy, Mr. Ervin G",0,-0.10457866558193436,0,0,PC 17612,-0.09022134505786501,C
296,297,0,3,"Hanna, Mr. Mansour",0,-0.45020884078472223,0,0,2693,-0.502581702925434,C
298,299,1,1,"Saalfeld, Mr. Adolphe",0,-0.10457866558193436,0,0,19988,-0.03429443322152487,S
300,301,1,3,"Kelly, Miss. Anna Katherine ""Annie Kate""",1,-0.10457866558193436,0,0,9234,-0.49210144397164657,Q
301,302,1,3,"McCoy, Mr. Bernard",0,-0.10457866558193436,2,0,367226,-0.1801889751089263,Q
302,303,0,3,"Johnson, Mr. William Cahoone Jr",0,-0.7958390159875102,0,0,LINE,-0.6480576784030068,S
303,304,1,2,"Keane, Miss. Nora A",1,-0.10457866558193436,0,0,226593,-0.39953387256722633,Q
304,305,0,3,"Williams, Mr. Howard Hugh ""Harry""",0,-0.10457866558193436,0,0,A/5 2466,-0.48606442844527137,S
308,309,0,2,"Abelson, Mr. Samuel",0,0.049034745619304695,1,0,P/PP 3381,-0.16509643629298823,C
309,310,1,1,"Francatelli, Miss. Laura Mabel",1,0.049034745619304695,0,0,PC 17485,0.4975505359440627,C
312,313,0,2,"Lahtinen, Mrs. William (Anna Sylfven)",1,-0.2581920767831734,1,1,250651,-0.12484966611715335,S
313,314,0,3,"Hendekovic, Mr. Ignjac",0,-0.10457866558193436,0,0,349243,-0.4891674544258282,S
314,315,0,2,"Hart, Mr. Benjamin",0,1.0475219184273583,1,1,F.C.C. 13529,-0.119818819845174,S
315,316,1,3,"Nilsson, Miss. Helmina Josefina",1,-0.2581920767831734,0,0,347470,-0.4900045872454856,S
316,317,1,2,"Kantor, Mrs. Sinai (Miriam Sternin)",1,-0.41180548798441247,1,0,244367,-0.12484966611715335,S
317,318,0,2,"Moraweck, Dr. Ernest",0,1.892395680034173,0,0,29011,-0.3663302871721626,S
320,321,0,3,"Dennis, Mr. Samuel",0,-0.5654188991856516,0,0,A/5 21172,-0.5021631365156053,S
321,322,0,3,"Danoff, Mr. Yoto",0,-0.1813853711825539,0,0,349219,-0.4891674544258282,S
322,323,1,2,"Slayter, Miss. Hilda Mary",1,0.049034745619304695,0,0,234818,-0.39953387256722633,Q
323,324,1,2,"Caldwell, Mrs. Albert Francis (Sylvia Mae Harbaugh)",1,-0.5654188991856516,1,1,248738,-0.06447951085340103,S
326,327,0,3,"Nysveen, Mr. Johan Hansen",0,2.4300426192385096,0,0,345364,-0.5225380639171217,S
327,328,1,2,"Ball, Mrs. (Ada E Hall)",1,0.5098749792230217,0,0,28551,-0.38645367226008004,S
328,329,1,3,"Goldsmith, Mrs. Frank John (Emily Alice Brown)",1,0.12584145121992418,1,1,363291,-0.23502519947350137,S
329,330,1,1,"Hippach, Miss. Jean Gertrude",1,-1.0262591327893686,0,1,111361,0.518680090286376,C
330,331,1,3,"McCoy, Miss. Agnes",1,-0.10457866558193436,2,0,367226,-0.1801889751089263,Q
331,332,0,1,"Partner, Mr. Austen",0,1.2395386824289072,0,0,113043,-0.07454120339735976,S
333,334,0,3,"Vander Planke, Mr. Leo Edmondus",0,-1.0262591327893686,2,0,345764,-0.28583674682049287,S
335,336,0,3,"Denkoff, Mr. Mitto",0,-0.10457866558193436,0,0,349225,-0.4891674544258282,S
338,339,1,3,"Dahl, Mr. Karl Edwart",0,1.2011353296285974,0,0,7598,-0.48606442844527137,S
339,340,0,1,"Blackwell, Mr. Stephen Weart",0,1.2011353296285974,0,0,113784,0.0663224922180623,S
340,341,1,2,"Navratil, Master. Edmond Roger",0,-2.101553011198042,1,1,230080,-0.12484966611715335,S
342,343,0,2,"Collander, Mr. Erik Gustaf",0,-0.10457866558193436,0,0,248740,-0.38645367226008004,S
343,344,0,2,"Sedgwick, Mr. Charles Frederick Waddington",0,-0.33499878238379294,0,0,244361,-0.38645367226008004,S
344,345,0,2,"Fox, Mr. Stanley Hubert",0,0.5098749792230217,0,0,229236,-0.38645367226008004,S
345,346,1,2,"Brown, Miss. Amelia ""Mildred""",1,-0.41180548798441247,0,0,248733,-0.38645367226008004,S
346,347,1,2,"Smith, Miss. Marion Elsie",1,0.8171018016254998,0,0,31418,-0.38645367226008004,S
347,348,1,3,"Davison, Mrs. Thomas Henry (Mary E Finck)",1,-0.10457866558193436,1,0,386525,-0.32407117848753597,S
348,349,1,3,"Coutts, Master. William Loch ""William""",0,-2.024746305597423,1,1,C.A. 37671,-0.3280958555051195,S
349,350,0,3,"Dimic, Mr. Jovan",0,0.9707152128267388,0,0,315088,-0.4737388550789219,S
350,351,0,3,"Odahl, Mr. Nils Martin",0,-0.488612193585032,0,0,7267,-0.46241945096696835,S
351,352,0,1,"Williams-Lambert, Mr. Fletcher Fellows",0,-0.10457866558193436,0,0,113510,0.0562607996741036,S
352,353,0,3,"Elias, Mr. Tannous",0,-1.1030658383899883,1,1,2695,-0.502581702925434,C
353,354,0,3,"Arnold-Franchi, Mr. Josef",0,-0.33499878238379294,1,0,349237,-0.28986142383807634,S
354,355,0,3,"Yousif, Mr. Wazli",0,-0.10457866558193436,0,0,2647,-0.5026662211428032,C
355,356,0,3,"Vanden Steen, Mr. Leo Peter",0,-0.10457866558193436,0,0,345783,-0.4568855200677911,S
356,357,1,1,"Bowerman, Miss. Elsie Edith",1,-0.5654188991856516,0,1,113505,0.4587285014324523,S
357,358,0,2,"Funk, Miss. Annie Clemmer",1,0.6634883904242608,0,0,237671,-0.38645367226008004,S
358,359,1,3,"McGovern, Miss. Mary",1,-0.10457866558193436,0,0,330931,-0.4895015026182876,Q
359,360,1,3,"Mockler, Miss. Helen Mary ""Ellie""",1,-0.10457866558193436,0,0,330980,-0.4895015026182876,Q
360,361,0,3,"Skoog, Mr. Wilhelm",0,0.8171018016254998,1,4,347088,-0.08661523445011024,S
361,362,0,2,"del Carlo, Mr. Sebastiano",0,-0.02777195998131484,1,0,SC/PARIS 2167,-0.09022134505786501,C
362,363,0,3,"Barbara, Mrs. (Catherine David)",1,1.2011353296285974,0,1,2691,-0.3571902456652305,C
363,364,0,3,"Asim, Mr. Adola",0,0.43306827362240224,0,0,SOTON/O.Q. 3101310,-0.5061878135331888,S
364,365,0,3,"O'Brien, Mr. Thomas",0,-0.10457866558193436,1,0,370365,-0.3361452095402864,Q
365,366,0,3,"Adahl, Mr. Mauritz Nils Martin",0,0.049034745619304695,0,0,C 7076,-0.5021631365156053,S
367,368,1,3,"Moussa, Mrs. (Mantoura Boulos)",1,-0.10457866558193436,0,0,2626,-0.502581702925434,C
368,369,1,3,"Jermyn, Miss. Annie",1,-0.10457866558193436,0,0,14313,-0.49210144397164657,Q
370,371,1,1,"Harder, Mr. George Achilles",0,-0.33499878238379294,1,0,11765,0.4676170006257854,C
371,372,0,3,"Wiklund, Mr. Jakob Alfred",0,-0.8726457215881296,1,0,3101267,-0.5173401935489127,S
372,373,0,3,"Beavan, Mr. William Thomas",0,-0.7958390159875102,0,0,323951,-0.48606442844527137,S
374,375,0,3,"Palsson, Miss. Stina Viola",1,-2.024746305597423,3,1,349909,-0.22395733767514675,S
376,377,1,3,"Landergren, Miss. Aurora Adelia",1,-0.5654188991856516,0,0,C 7077,-0.5021631365156053,S
378,379,0,3,"Betros, Mr. Tannous",0,-0.7190323103868906,0,0,2648,-0.5673125957377381,C
379,380,0,3,"Gustafsson, Mr. Karl Gideon",0,-0.7958390159875102,0,0,347069,-0.4915983593444487,S
381,382,1,3,"Nakid, Miss. Maria (""Mary"")",1,-2.1783597167986617,0,2,2653,-0.3312813873645368,C
382,383,0,3,"Tikkanen, Mr. Juho",0,0.20264815682054368,0,0,STON/O 2. 3101293,-0.48857985158126105,S
383,384,1,1,"Holverson, Mrs. Alexander Oskar (Mary Aline Towner)",1,0.43306827362240224,1,0,113789,0.39835834616870003,S
384,385,0,3,"Plotcharsky, Mr. Vasil",0,-0.10457866558193436,0,0,349227,-0.4891674544258282,S
386,387,0,3,"Goodwin, Master. Sidney Leonard",0,-2.1783597167986617,5,2,CA 2144,0.29572908222032107,S
387,388,1,2,"Buss, Miss. Kate",1,0.5098749792230217,0,0,27849,-0.38645367226008004,S
388,389,0,3,"Sadlier, Mr. Matthew",0,-0.10457866558193436,0,0,367655,-0.4925200103814753,Q
389,390,1,2,"Lehmann, Miss. Bertha",1,-0.9494524271887491,0,0,SC 1748,-0.4065770573479975,C
391,392,1,3,"Jansson, Mr. Carl Olof",0,-0.6422256047862711,0,0,350034,-0.49117979293462,S
392,393,0,3,"Gustafsson, Mr. Johan Birger",0,-0.10457866558193436,2,0,3101277,-0.48857985158126105,S
394,395,1,3,"Sandstrom, Mrs. Hjalmar (Agnes Charlotta Bengtsson)",1,-0.41180548798441247,0,2,PP 9549,-0.3119971474347855,S
395,396,0,3,"Johansson, Mr. Erik",0,-0.5654188991856516,0,0,350052,-0.49117979293462,S
396,397,0,3,"Olsson, Miss. Elina",1,0.12584145121992418,0,0,350407,-0.4900045872454856,S
397,398,0,2,"McKane, Mr. Peter David",0,1.277942035229217,0,0,28403,-0.12484966611715335,S
398,399,0,2,"Pain, Dr. Alfred",0,-0.488612193585032,0,0,244278,-0.43676213497987365,S
399,400,1,2,"Trout, Mrs. William H (Jessie L)",1,-0.10457866558193436,0,0,240929,-0.3934968570408512,S
400,401,1,3,"Niskanen, Mr. Juha",0,0.7402950960248803,0,0,STON/O 2. 3101289,-0.48857985158126105,S
401,402,0,3,"Adams, Mr. John",0,-0.2581920767831734,0,0,341826,-0.48606442844527137,S
402,403,0,3,"Jussila, Miss. Mari Aina",1,-0.6422256047862711,1,0,4137,-0.45034541991421795,S
403,404,0,3,"Hakkarainen, Mr. Pekka Pietari",0,-0.10457866558193436,1,0,STON/O2. 3101279,-0.32910202475951533,S
404,405,0,3,"Oreskovic, Miss. Marija",1,-0.7190323103868906,0,0,315096,-0.4737388550789219,S
405,406,0,2,"Gale, Mr. Shadrach",0,0.3562615680217827,1,0,28664,-0.22546659155674054,S
406,407,0,3,"Widegren, Mr. Carl/Charles Peter",0,1.6619755632323145,0,0,347064,-0.49210144397164657,S
407,408,1,2,"Richards, Master. William Rowe",0,-2.024746305597423,1,1,29106,-0.2707442080045548,S
408,409,0,3,"Birkeland, Mr. Hans Martin Monsen",0,-0.6422256047862711,0,0,312992,-0.4915983593444487,S
409,410,0,3,"Lefebre, Miss. Ida",1,-0.10457866558193436,3,1,4133,-0.13558146738453974,S
410,411,0,3,"Sdycoff, Mr. Todor",0,-0.10457866558193436,0,0,349222,-0.4891674544258282,S
411,412,0,3,"Hart, Mr. Henry",0,-0.10457866558193436,0,0,394140,-0.5100454664545425,Q
413,414,0,2,"Cunningham, Mr. Alfred Fleming",0,-0.10457866558193436,0,0,239853,-0.6480576784030068,S
414,415,1,3,"Sundman, Mr. Johan Julian",0,1.124328624027978,0,0,STON/O 2. 3101269,-0.48857985158126105,S
415,416,0,3,"Meek, Mrs. Thomas (Annie Louise Rowley)",1,-0.10457866558193436,0,0,343095,-0.48606442844527137,S
416,417,1,2,"Drew, Mrs. James Vivian (Lulu Thorne Christian)",1,0.3562615680217827,1,1,28220,0.005952336954310007,S
417,418,1,2,"Silven, Miss. Lyyli Karoliina",1,-0.8726457215881296,0,2,250652,-0.38645367226008004,S
418,419,0,2,"Matthews, Mr. William John",0,0.049034745619304695,0,0,28228,-0.38645367226008004,S
419,420,0,3,"Van Impe, Miss. Catharina",1,-1.4870993663930858,0,2,345773,-0.16207792852980066,S
420,421,0,3,"Gheorgheff, Mr. Stanio",0,-0.10457866558193436,0,0,349254,-0.4891674544258282,C
421,422,0,3,"Charters, Mr. David",0,-0.6422256047862711,0,0,A/5. 13032,-0.4924375045026148,Q
422,423,0,3,"Zimmerman, Mr. Leo",0,-0.02777195998131484,0,0,315082,-0.4895860208356569,S
423,424,0,3,"Danbom, Mrs. Ernst Gilbert (Anna Sigrid Maria Brogren)",1,-0.10457866558193436,1,1,347080,-0.35828093313699566,S
424,425,0,3,"Rosblom, Mr. Viktor Richard",0,-0.8726457215881296,1,1,370129,-0.24131375731347557,S
425,426,0,3,"Wiseman, Mr. Phillippe",0,-0.10457866558193436,0,0,A/4. 34244,-0.5021631365156053,S
426,427,1,2,"Clarke, Mrs. Charles V (Ada Maria Winfield)",1,-0.10457866558193436,1,0,2003,-0.12484966611715335,S
427,428,1,2,"Phillips, Miss. Kate Florence (""Mrs Kate Louise Phillips Marshall"")",1,-0.7958390159875102,0,0,250655,-0.12484966611715335,S
428,429,0,3,"Flynn, Mr. James",0,-0.10457866558193436,0,0,364851,-0.49210144397164657,Q
429,430,1,3,"Pickard, Mr. Berk (Berk Trembisky)",0,0.20264815682054368,0,0,SOTON/O.Q. 392078,-0.48606442844527137,S
430,431,1,1,"Bjornstrom-Steffansson, Mr. Mauritz Hakan",0,-0.10457866558193436,0,0,110564,-0.11378180431879874,S
431,432,1,3,"Thorneycroft, Mrs. Percival (Florence Kate White)",1,-0.10457866558193436,1,0,376564,-0.32407117848753597,S
432,433,1,2,"Louch, Mrs. Charles Alexander (Alice Adelaide Slow)",1,0.9707152128267388,1,0,SC/AH 3085,-0.12484966611715335,S
433,434,0,3,"Kallio, Mr. Nikolai Erland",0,-0.9494524271887491,0,0,STON/O 2. 3101274,-0.504678559651595,S
434,435,0,1,"Silvey, Mr. William Baird",0,1.585168857631695,1,0,13507,0.47683954801157796,S
436,437,0,3,"Ford, Miss. Doolina Margaret ""Daisy""",1,-0.6422256047862711,2,2,W./C. 6608,0.043683683994155204,S
437,438,1,2,"Richards, Mrs. Sidney (Emily Hocking)",1,-0.41180548798441247,2,3,29106,-0.2707442080045548,S
439,440,0,2,"Kvillner, Mr. Johan Henrik Johannesson",0,0.12584145121992418,0,0,C.A. 18723,-0.43676213497987365,S
440,441,1,2,"Hart, Mrs. Benjamin (Esther Ada Bloomfield)",1,1.2011353296285974,1,1,F.C.C. 13529,-0.119818819845174,S
441,442,0,3,"Hampe, Mr. Leon",0,-0.7190323103868906,0,0,345769,-0.4568855200677911,S
442,443,0,3,"Petterson, Mr. Johan Emil",0,-0.33499878238379294,1,0,347076,-0.4915983593444487,S
443,444,1,2,"Reynaldo, Ms. Encarnacion",1,-0.10457866558193436,0,0,230434,-0.38645367226008004,S
444,445,1,3,"Johannesen-Bratthammer, Mr. Bernt",0,-0.10457866558193436,0,0,65306,-0.4848067168772765,S
446,447,1,2,"Mellinger, Miss. Madeleine Violet",1,-1.2566792495912273,0,1,250644,-0.2556516691886167,S
447,448,1,1,"Seward, Mr. Frederic Kimber",0,0.3562615680217827,0,0,113794,-0.11378180431879874,S
448,449,1,3,"Baclini, Miss. Marie Catherine",1,-1.8711328943961834,2,1,2666,-0.26051549136436636,C
449,450,1,1,"Peuchen, Major. Arthur Godfrey",0,1.738782268832934,0,0,113786,-0.03429443322152487,S
450,451,0,2,"West, Mr. Edwy Arthur",0,0.5098749792230217,1,2,C.A. 34651,-0.08963374221329784,S
451,452,0,3,"Hagland, Mr. Ingvald Olai Olsen",0,-0.10457866558193436,1,0,65303,-0.24626008536808563,S
452,453,0,1,"Foreman, Mr. Benjamin Laventall",0,0.049034745619304695,0,0,113051,-0.08963374221329784,C
454,455,0,3,"Peduzzi, Mr. Joseph",0,-0.10457866558193436,0,0,A/5 2817,-0.48606442844527137,S
455,456,1,3,"Jalsevac, Mr. Ivan",0,-0.02777195998131484,0,0,349240,-0.4891674544258282,C
456,457,0,1,"Millet, Mr. Francis Davis",0,2.7372694416409877,0,0,13509,-0.11378180431879874,S
457,458,1,1,"Kenyon, Mrs. Frederick R (Marion)",1,-0.10457866558193436,1,0,17464,0.3955913807191113,S
458,459,1,2,"Toomey, Miss. Ellen",1,1.585168857631695,0,0,F.C.C. 13531,-0.43676213497987365,S
459,460,0,3,"O'Connor, Mr. Maurice",0,-0.10457866558193436,0,0,371060,-0.49210144397164657,Q
460,461,1,1,"Anderson, Mr. Harry",0,1.4315554464304558,0,0,19952,-0.11378180431879874,S
461,462,0,3,"Morley, Mr. William",0,0.3562615680217827,0,0,364506,-0.48606442844527137,S
462,463,0,1,"Gee, Mr. Arthur H",0,1.3547487408298364,0,0,111320,0.1266926474818146,S
463,464,0,2,"Milling, Mr. Jacob Christian",0,1.4315554464304558,0,0,234360,-0.38645367226008004,S
464,465,0,3,"Maisner, Mr. Simon",0,-0.10457866558193436,0,0,A/S 2816,-0.48606442844527137,S
465,466,0,3,"Goncalves, Mr. Manuel Estanslas",0,0.6634883904242608,0,0,SOTON/O.Q. 3101306,-0.5061878135331888,S
466,467,0,2,"Campbell, Mr. William",0,-0.10457866558193436,0,0,239853,-0.6480576784030068,S
467,468,0,1,"Smart, Mr. John Montgomery",0,2.046009091235412,0,0,113792,-0.11378180431879874,S
468,469,0,3,"Scanlan, Mr. James",0,-0.10457866558193436,0,0,36209,-0.4926045285988445,Q
469,470,1,3,"Baclini, Miss. Helene Barbara",1,-2.1975613931988165,2,1,2666,-0.26051549136436636,C
470,471,0,3,"Keefe, Mr. Arthur",0,-0.10457866558193436,0,0,323592,-0.5021631365156053,S
471,472,0,3,"Cacic, Mr. Luka",0,0.6634883904242608,0,0,315089,-0.4737388550789219,S
472,473,1,2,"West, Mrs. Edwy Arthur (Ada Mary Worth)",1,0.2794548624211632,1,2,C.A. 34651,-0.08963374221329784,S
473,474,1,2,"Jerwan, Mrs. Amin S (Marie Marthe Thuillard)",1,-0.488612193585032,0,0,SC/AH Basle 541,-0.3705219882859758,C
474,475,0,3,"Strandberg, Miss. Ida Sofia",1,-0.5654188991856516,0,0,7553,-0.450093877600619,S
475,476,0,1,"Clifford, Mr. George Quincy",0,-0.10457866558193436,0,0,110465,0.39835834616870003,S
476,477,0,2,"Renouf, Mr. Peter Henry",0,0.3562615680217827,1,0,31027,-0.22546659155674054,S
477,478,0,3,"Braund, Mr. Lewis Richard",0,-0.02777195998131484,1,0,3460,-0.5062723317505581,S
478,479,0,3,"Karlsson, Mr. Nils August",0,-0.5654188991856516,0,0,350060,-0.49671372383379725,S
479,480,1,3,"Hirvonen, Miss. Hildur E",1,-2.101553011198042,0,1,3101298,-0.4007915841352212,S
480,481,0,3,"Goodwin, Master. Harold Victor",0,-1.5639060719937052,5,2,CA 2144,0.29572908222032107,S
481,482,0,2,"Frost, Mr. Anthony Wood ""Archie""",0,-0.10457866558193436,0,0,239854,-0.6480576784030068,S
482,483,0,3,"Rouse, Mr. Richard Henry",0,1.585168857631695,0,0,A/5 3594,-0.48606442844527137,S
483,484,1,3,"Turkula, Mrs. (Hedwig)",1,2.5836560304397485,0,0,4134,-0.45512472387259834,S
485,486,0,3,"Lefebre, Miss. Jeannie",1,-0.10457866558193436,3,1,4133,-0.13558146738453974,S
487,488,0,1,"Kent, Mr. Edward Austin",0,2.199622502436651,0,0,11771,-0.05039314129185883,C
488,489,0,3,"Somerton, Mr. Francis William",0,0.049034745619304695,0,0,A.5. 18509,-0.48606442844527137,S
489,490,1,3,"Coutts, Master. Eden Leslie ""Neville""",0,-1.5639060719937052,1,1,C.A. 37671,-0.3280958555051195,S
490,491,0,3,"Hagland, Mr. Konrad Mathias Reiersen",0,-0.10457866558193436,1,0,65304,-0.24626008536808563,S
491,492,0,3,"Windelov, Mr. Einar",0,-0.6422256047862711,0,0,SOTON/OQ 3101317,-0.5021631365156053,S
492,493,0,1,"Molson, Mr. Harry Markland",0,1.9692023856347927,0,0,113787,-0.03429443322152487,S
493,494,0,1,"Artagaveytia, Mr. Ramon",0,3.1981096752447047,0,0,PC 17609,0.34813440166627563,C
494,495,0,3,"Stanley, Mr. Edward Roland",0,-0.6422256047862711,0,0,A/4 45380,-0.48606442844527137,S
495,496,0,3,"Yousseff, Mr. Gerious",0,-0.10457866558193436,0,0,2627,-0.35710773978637,C
497,498,0,3,"Shellard, Mr. Frederick William",0,-0.10457866558193436,0,0,C.A. 6212,-0.3441945635754534,S
499,500,0,3,"Svensson, Mr. Olof",0,-0.41180548798441247,0,0,350035,-0.49117979293462,S
500,501,0,3,"Calic, Mr. Petar",0,-0.9494524271887491,0,0,315086,-0.4737388550789219,S
501,502,0,3,"Canavan, Miss. Mary",1,-0.6422256047862711,0,0,364846,-0.49210144397164657,Q
502,503,0,3,"O'Sullivan, Miss. Bridget Mary",1,-0.10457866558193436,0,0,330909,-0.494532348890267,Q
503,504,0,3,"Laitinen, Miss. Kristina Sofia",1,0.5866816848236412,0,0,4135,-0.45512472387259834,S
506,507,1,2,"Quick, Mrs. Frederick Charles (Jane Richards)",1,0.2794548624211632,0,2,26360,-0.12484966611715335,S
507,508,1,1,"Bradley, Mr. George (""George Arthur Brayton"")",0,-0.10457866558193436,0,0,111427,-0.11378180431879874,S
508,509,0,3,"Olsen, Mr. Henry Margido",0,-0.10457866558193436,0,0,C 4001,-0.19477842929766648,S
509,510,1,3,"Lang, Mr. Fang",0,-0.2581920767831734,0,0,1601,0.48882906084695926,S
510,511,1,3,"Daly, Mr. Eugene Patrick",0,-0.02777195998131484,0,0,382651,-0.49210144397164657,Q
511,512,0,3,"Webber, Mr. James",0,-0.10457866558193436,0,0,SOTON/OQ 3101316,-0.48606442844527137,S
512,513,1,1,"McGough, Mr. James Robert",0,0.5098749792230217,0,0,PC 17473,-0.11906419290437706,S
513,514,1,1,"Rothschild, Mrs. Martin (Elizabeth L. Barrett)",1,1.892395680034173,1,0,PC 17603,0.547271395819289,C
514,515,0,3,"Coleff, Mr. Satio",0,-0.41180548798441247,0,0,349209,-0.4972168084609952,S
515,516,0,1,"Walker, Mr. William Anderson",0,1.3547487408298364,0,0,36967,0.03655598099601487,S
516,517,1,2,"Lemore, Mrs. (Amelia Milley)",1,0.3562615680217827,0,0,C.A. 34260,-0.43676213497987365,S
517,518,0,3,"Ryan, Mr. Patrick",0,-0.10457866558193436,0,0,371110,-0.16207792852980066,Q
518,519,1,2,"Angle, Mrs. William A (Florence ""Mary"" Agnes Hughes)",1,0.5098749792230217,1,0,226875,-0.12484966611715335,S
519,520,0,3,"Pavlovic, Mr. Stefo",0,0.20264815682054368,0,0,349242,-0.4891674544258282,S
521,522,0,3,"Vovk, Mr. Janko",0,-0.5654188991856516,0,0,349252,-0.4891674544258282,S
522,523,0,3,"Lahoud, Mr. Sarkis",0,-0.10457866558193436,0,0,2624,-0.5026662211428032,C
523,524,1,1,"Hippach, Mrs. Louis Albert (Ida Sophia Fischer)",1,1.124328624027978,0,1,111361,0.518680090286376,C
524,525,0,3,"Kassem, Mr. Fared",0,-0.10457866558193436,0,0,2700,-0.502581702925434,C
525,526,0,3,"Farrell, Mr. James",0,0.8555051544258095,0,0,367232,-0.49210144397164657,Q
526,527,1,2,"Ridsdale, Miss. Lucy",1,1.585168857631695,0,0,W./C. 14258,-0.43676213497987365,S
528,529,0,3,"Salonen, Mr. Johan Werner",0,0.7402950960248803,0,0,3101296,-0.48857985158126105,S
529,530,0,2,"Hocking, Mr. Richard George",0,-0.488612193585032,2,1,29104,-0.4166387498919562,S
530,531,1,2,"Quick, Miss. Phyllis May",1,-2.101553011198042,1,1,26360,-0.12484966611715335,S
531,532,0,3,"Toufik, Mr. Nakli",0,-0.10457866558193436,0,0,2641,-0.502581702925434,C
532,533,0,3,"Elias, Mr. Joseph Jr",0,-0.9494524271887491,1,1,2690,-0.502581702925434,C
533,534,1,3,"Peter, Mrs. Catherine (Catherine Rizk)",1,-0.10457866558193436,0,2,2668,-0.1981329975918223,C
534,535,0,3,"Cacic, Miss. Marija",1,0.049034745619304695,0,0,315084,-0.4737388550789219,S
535,536,1,2,"Hart, Miss. Eva Miriam",1,-1.7175194831949443,0,2,F.C.C. 13529,-0.119818819845174,S
536,537,0,1,"Butt, Major. Archibald Willingham",0,1.2011353296285974,0,0,113050,-0.11378180431879874,S
538,539,0,3,"Risien, Mr. Samuel Beard",0,-0.10457866558193436,0,0,364498,-0.35626859462820387,S
539,540,1,1,"Frolicher, Miss. Hedwig Margaritha",1,-0.5654188991856516,0,2,13568,0.3480498834489064,C
541,542,0,3,"Andersson, Miss. Ingeborg Constanzia",1,-1.5639060719937052,4,2,347082,-0.018698809778388878,S
542,543,0,3,"Andersson, Miss. Sigrid Elisabeth",1,-1.4102926607924662,4,2,347082,-0.018698809778388878,S
543,544,1,2,"Beane, Mr. Edward",0,0.20264815682054368,1,0,2908,-0.12484966611715335,S
545,546,0,1,"Nicholson, Mr. Arthur Ernest",0,2.660462736040368,0,0,693,-0.12484966611715335,S
546,547,1,2,"Beane, Mrs. Edward (Ethel Clarke)",1,-0.7958390159875102,1,0,2908,-0.12484966611715335,S
547,548,1,2,"Padro y Manent, Mr. Julian",0,-0.10457866558193436,0,0,SC/PARIS 2146,-0.36909725262175125,C
548,549,0,3,"Goldsmith, Mr. Frank John",0,0.2794548624211632,1,1,363291,-0.23502519947350137,S
549,550,1,2,"Davies, Master. John Morgan Jr",0,-1.6407127775943249,1,1,C.A. 33112,0.09147672357795911,S
551,552,0,2,"Sharp, Mr. Percival James R",0,-0.1813853711825539,0,0,244358,-0.12484966611715335,S
552,553,0,3,"O'Brien, Mr. Timothy",0,-0.10457866558193436,0,0,330979,-0.4905076718726835,Q
553,554,1,3,"Leeni, Mr. Fahim (""Philip Zenni"")",0,-0.5654188991856516,0,0,2620,-0.5026662211428032,C
554,555,1,3,"Ohman, Miss. Velin",1,-0.5654188991856516,0,0,347085,-0.4915983593444487,S
555,556,0,1,"Wright, Mr. George",0,2.506849324839129,0,0,113807,-0.11378180431879874,S
556,557,1,1,"Duff Gordon, Lady. (Lucille Christiana Sutherland) (""Mrs Morgan"")",1,1.4315554464304558,1,0,11755,0.1488283710785238,C
559,560,1,3,"de Messemaeker, Mrs. Guillaume Joseph (Emma)",1,0.5098749792230217,1,0,345572,-0.2979107778732433,S
560,561,0,3,"Morrow, Mr. Thomas Rowan",0,-0.10457866558193436,0,0,372622,-0.49210144397164657,Q
561,562,0,3,"Sivic, Mr. Husein",0,0.8171018016254998,0,0,349251,-0.4891674544258282,S
562,563,0,2,"Norman, Mr. Robert Douglas",0,-0.10457866558193436,0,0,218629,-0.3763919797161213,S
563,564,0,3,"Simmons, Mr. John",0,-0.10457866558193436,0,0,SOTON/OQ 392082,-0.48606442844527137,S
564,565,0,3,"Meanwell, Miss. (Marion Ogden)",1,-0.10457866558193436,0,0,SOTON/O.Q. 392087,-0.48606442844527137,S
565,566,0,3,"Davies, Mr. Alfred J",0,-0.41180548798441247,2,0,A/4 48871,-0.16207792852980066,S
566,567,0,3,"Stoytcheff, Mr. Ilia",0,-0.7958390159875102,0,0,349205,-0.4891674544258282,S
567,568,0,3,"Palsson, Mrs. Nils (Alma Cornelia Berglund)",1,-0.02777195998131484,0,4,349909,-0.22395733767514675,S
568,569,0,3,"Doharr, Mr. Tannous",0,-0.10457866558193436,0,0,2686,-0.502581702925434,C
569,570,1,3,"Jonsson, Mr. Carl",0,0.20264815682054368,0,0,350417,-0.4900045872454856,S
570,571,1,2,"Harris, Mr. George",0,2.506849324839129,0,0,S.W./PP 752,-0.43676213497987365,S
571,572,1,1,"Appleton, Mrs. Edward Dale (Charlotte Lamson)",1,1.8155889744335536,2,0,11769,0.38787808721491257,S
572,573,1,1,"Flynn, Mr. John Irwin (""Irving"")",0,0.5098749792230217,0,0,PC 17474,-0.11705185439558535,S
573,574,1,3,"Kelly, Miss. Mary",1,-0.10457866558193436,0,0,14312,-0.49210144397164657,Q
574,575,0,3,"Rush, Mr. Alfred George John",0,-1.0262591327893686,0,0,A/4. 20589,-0.48606442844527137,S
575,576,0,3,"Patchett, Mr. George",0,-0.7958390159875102,0,0,358585,-0.35626859462820387,S
576,577,1,2,"Garside, Miss. Ethel",1,0.3562615680217827,0,0,243880,-0.38645367226008004,S
577,578,1,1,"Silvey, Mrs. William Baird (Alice Munger)",1,0.7402950960248803,1,0,13507,0.47683954801157796,S
578,579,0,3,"Caram, Mrs. Joseph (Maria Elias)",1,-0.10457866558193436,1,0,2689,-0.35710773978637,C
579,580,1,3,"Jussila, Mr. Eiriik",0,0.20264815682054368,0,0,STON/O 2. 3101286,-0.48857985158126105,S
580,581,1,2,"Christy, Miss. Julie Rachel",1,-0.33499878238379294,1,1,237789,-0.04435612576548359,S
582,583,0,2,"Downton, Mr. William James",0,1.892395680034173,0,0,28403,-0.12484966611715335,S
583,584,0,1,"Ross, Mr. John Hugo",0,0.5098749792230217,0,0,13049,0.15939314824968043,C
584,585,0,3,"Paulner, Mr. Uscher",0,-0.10457866558193436,0,0,3411,-0.4727326858245261,C
586,587,0,2,"Jarvis, Mr. John Denzil",0,1.3547487408298364,0,0,237565,-0.34620690208424515,S
588,589,0,3,"Gilinski, Mr. Eliezer",0,-0.5654188991856516,0,0,14973,-0.48606442844527137,S
589,590,0,3,"Murdlin, Mr. Joseph",0,-0.10457866558193436,0,0,A./5. 3235,-0.48606442844527137,S
590,591,0,3,"Rintamaki, Mr. Matti",0,0.43306827362240224,0,0,STON/O 2. 3101273,-0.504678559651595,S
592,593,0,3,"Elsbury, Mr. William James",0,1.3547487408298364,0,0,A/5 3902,-0.5021631365156053,S
593,594,0,3,"Bourke, Miss. Mary",1,-0.10457866558193436,0,2,364848,-0.49210144397164657,Q
594,595,0,2,"Chapman, Mr. John Henry",0,0.5866816848236412,1,0,SC/AH 29037,-0.12484966611715335,S
595,596,0,3,"Van Impe, Mr. Jean Baptiste",0,0.5098749792230217,1,1,345773,-0.16207792852980066,S
596,597,1,2,"Leitch, Miss. Jessie Wills",1,-0.10457866558193436,0,0,248727,0.016014029498268727,S
597,598,0,3,"Johnson, Mr. Alfred",0,1.5083621520310755,0,0,LINE,-0.6480576784030068,S
598,599,0,3,"Boulos, Mr. Hanna",0,-0.10457866558193436,0,0,2664,-0.5026662211428032,C
599,600,1,1,"Duff Gordon, Sir. Cosmo Edmund (""Mr Morgan"")",0,1.5083621520310755,1,0,PC 17485,0.4975505359440627,C
600,601,1,2,"Jacobsohn, Mrs. Sidney Samuel (Amy Frances Christy)",1,-0.41180548798441247,2,1,243847,-0.10472628102923591,S
601,602,0,3,"Slabenoff, Mr. Petco",0,-0.10457866558193436,0,0,349214,-0.4891674544258282,S
602,603,0,1,"Harrington, Mr. Charles H",0,-0.10457866558193436,0,0,113796,0.20517384932469257,S
603,604,0,3,"Torber, Mr. Ernst William",0,1.124328624027978,0,0,364511,-0.48606442844527137,S
604,605,1,1,"Homer, Mr. Harry (""Mr E Haven"")",0,0.43306827362240224,0,0,111426,-0.11378180431879874,C
605,606,0,3,"Lindell, Mr. Edvard Bengtsson",0,0.5098749792230217,1,0,349910,-0.3351390402858906,S
606,607,0,3,"Karaic, Mr. Milan",0,0.049034745619304695,0,0,349246,-0.4891674544258282,S
607,608,1,1,"Daniel, Mr. Robert Williams",0,-0.1813853711825539,0,0,113804,-0.03429443322152487,S
608,609,1,2,"Laroche, Mrs. Joseph (Juliette Marie Louise Lafargue)",1,-0.5654188991856516,1,2,SC/Paris 2123,0.18865657484452997,C
610,611,0,3,"Andersson, Mrs. Anders Johan (Alfrida Konstantia Brogren)",1,0.7402950960248803,1,5,347082,-0.018698809778388878,S
611,612,0,3,"Jardin, Mr. Jose Neto",0,-0.10457866558193436,0,0,SOTON/O.Q. 3101305,-0.5061878135331888,S
612,613,1,3,"Murphy, Miss. Margaret Jane",1,-0.10457866558193436,1,0,367230,-0.3361452095402864,Q
613,614,0,3,"Horgan, Mr. John",0,-0.10457866558193436,0,0,370377,-0.49210144397164657,Q
614,615,0,3,"Brocklebank, Mr. William Alfred",0,0.43306827362240224,0,0,364512,-0.48606442844527137,S
615,616,1,2,"Herman, Miss. Alice",1,-0.41180548798441247,1,2,220845,0.6599623523116267,S
616,617,0,3,"Danbom, Mr. Ernst Gilbert",0,0.3562615680217827,1,1,347080,-0.35828093313699566,S
617,618,0,3,"Lobb, Mrs. William Arthur (Cordelia K Stanlick)",1,-0.2581920767831734,1,0,A/5. 3336,-0.32407117848753597,S
618,619,1,2,"Becker, Miss. Marion Louise",1,-1.947939599996803,2,1,230136,0.13675434002577333,S
619,620,0,2,"Gavey, Mr. Lawrence",0,-0.2581920767831734,0,0,31028,-0.43676213497987365,S
620,621,0,3,"Yasbeck, Mr. Antoni",0,-0.1813853711825539,1,0,2659,-0.3571902456652305,C
621,622,1,1,"Kimball, Mr. Edwin Nelson Jr",0,0.9707152128267388,1,0,11753,0.40951072618442386,S
622,623,1,3,"Nakid, Mr. Sahid",0,-0.7190323103868906,1,1,2653,-0.3312813873645368,C
623,624,0,3,"Hansen, Mr. Henry Damsgaard",0,-0.6422256047862711,0,0,350029,-0.4900045872454856,S
624,625,0,3,"Bowen, Mr. David John ""Dai""",0,-0.6422256047862711,0,0,54636,-0.32407117848753597,S
625,626,0,1,"Sutton, Mr. Frederick",0,2.4300426192385096,0,0,36963,0.0023462263465551707,S
626,627,0,2,"Kirkland, Rev. Charles Leonard",0,2.1228157968360315,0,0,219533,-0.39953387256722633,Q
628,629,0,3,"Bostandyeff, Mr. Guentcho",0,-0.2581920767831734,0,0,349224,-0.4891674544258282,S
629,630,0,3,"O'Connell, Mr. Patrick D",0,-0.10457866558193436,0,0,334912,-0.4924375045026148,Q
630,631,1,1,"Barkworth, Mr. Algernon Henry Wilson",0,3.8893700256502806,0,0,27042,-0.04435612576548359,S
631,632,0,3,"Lundahl, Mr. Johan Svensson",0,1.6619755632323145,0,0,347743,-0.5061032953158195,S
632,633,1,1,"Stahelin-Maeglin, Dr. Max",0,0.20264815682054368,0,0,13214,-0.03429443322152487,C
633,634,0,1,"Parr, Mr. William Henry Marsh",0,-0.10457866558193436,0,0,112052,-0.6480576784030068,S
634,635,0,3,"Skoog, Miss. Mabel",1,-1.5639060719937052,3,2,347088,-0.08661523445011024,S
635,636,1,2,"Davis, Miss. Mary",1,-0.10457866558193436,0,0,237668,-0.38645367226008004,S
636,637,0,3,"Leinonen, Mr. Antti Gustaf",0,0.20264815682054368,0,0,STON/O 2. 3101292,-0.48857985158126105,S
637,638,0,2,"Collyer, Mr. Harvey",0,0.12584145121992418,1,1,C.A. 31921,-0.119818819845174,S
638,639,0,3,"Panula, Mrs. Juha (Maria Emilia Ojala)",1,0.8939085072261194,0,5,3101295,0.15058916727371655,S
639,640,0,3,"Thorneycroft, Mr. Percival",0,-0.10457866558193436,1,0,376564,-0.32407117848753597,S
640,641,0,3,"Jensen, Mr. Hans Peder",0,-0.7190323103868906,0,0,350050,-0.4900045872454856,S
642,643,0,3,"Skoog, Miss. Margit Elizabeth",1,-2.101553011198042,3,2,347088,-0.08661523445011024,S
643,644,1,3,"Foo, Mr. Choong",0,-0.10457866558193436,0,0,1601,0.48882906084695926,S
644,645,1,3,"Baclini, Miss. Eugenie",1,-2.1975613931988165,2,1,2666,-0.26051549136436636,C
646,647,0,3,"Cor, Mr. Liudevit",0,-0.7958390159875102,0,0,349231,-0.4891674544258282,S
647,648,1,1,"Simonius-Blumer, Col. Oberst Alfons",0,2.046009091235412,0,0,13213,0.0663224922180623,C
648,649,0,3,"Willey, Mr. Edward",0,-0.10457866558193436,0,0,S.O./P.P. 751,-0.4961261209892301,S
649,650,1,3,"Stanley, Miss. Amy Zillah Elsie",1,-0.488612193585032,0,0,CA. 2314,-0.4961261209892301,S
650,651,0,3,"Mitkoff, Mr. Mito",0,-0.10457866558193436,0,0,349221,-0.4891674544258282,S
651,652,1,2,"Doling, Miss. Elsie",1,-0.8726457215881296,0,1,231919,-0.18521982138090567,S
652,653,0,3,"Kalvik, Mr. Johannes Halvorsen",0,-0.6422256047862711,0,0,8475,-0.4783511349410726,S
653,654,1,3,"O'Leary, Miss. Hanora ""Norah""",1,-0.10457866558193436,0,0,330919,-0.4905076718726835,Q
654,655,0,3,"Hegarty, Miss. Hanora ""Nora""",1,-0.8726457215881296,0,0,365226,-0.512224829059564,Q
656,657,0,3,"Radeff, Mr. Alexander",0,-0.10457866558193436,0,0,349223,-0.4891674544258282,S
657,658,0,3,"Bourke, Mrs. John (Catherine)",1,0.20264815682054368,1,1,364849,-0.3361452095402864,Q
658,659,0,2,"Eitemiller, Mr. George Floyd",0,-0.488612193585032,0,0,29751,-0.38645367226008004,S
661,662,0,3,"Badt, Mr. Mohamed",0,0.8171018016254998,0,0,2623,-0.5026662211428032,C
662,663,0,1,"Colley, Mr. Edward Pomeroy",0,1.3547487408298364,0,0,5727,-0.13315056246591933,S
663,664,0,3,"Coleff, Mr. Peju",0,0.5098749792230217,0,0,349210,-0.4972168084609952,S
664,665,1,3,"Lindqvist, Mr. Eino William",0,-0.7190323103868906,1,0,STON/O 2. 3101285,-0.48857985158126105,S
666,667,0,2,"Butler, Mr. Reginald Fenton",0,-0.33499878238379294,0,0,234686,-0.38645367226008004,S
667,668,0,3,"Rommetvedt, Mr. Knud Paust",0,-0.10457866558193436,0,0,312993,-0.4915983593444487,S
668,669,0,3,"Cook, Mr. Jacob",0,1.0475219184273583,0,0,A/5 3536,-0.48606442844527137,S
669,670,1,1,"Taylor, Mrs. Elmer Zebley (Juliet Cummins Wright)",1,-0.10457866558193436,1,0,19996,0.39835834616870003,S
670,671,1,2,"Brown, Mrs. Thomas William Solomon (Elizabeth Catherine Ford)",1,0.8171018016254998,1,1,29750,0.13675434002577333,S
671,672,0,1,"Davidson, Mr. Thornton",0,0.12584145121992418,1,0,F.C. 12750,0.39835834616870003,S
672,673,0,2,"Mitchell, Mr. Henry Michael",0,3.121302969644085,0,0,C.A. 24580,-0.43676213497987365,S
673,674,1,2,"Wilhelms, Mr. Charles",0,0.12584145121992418,0,0,244270,-0.38645367226008004,S
674,675,0,2,"Watson, Mr. Ennis Hastings",0,-0.10457866558193436,0,0,239856,-0.6480576784030068,S
675,676,0,3,"Edvardsson, Mr. Gustaf Hjalmar",0,-0.8726457215881296,0,0,349912,-0.4915983593444487,S
676,677,0,3,"Sawyer, Mr. Frederick Charles",0,-0.3734021351841027,0,0,342826,-0.48606442844527137,S
677,678,1,3,"Turja, Miss. Anna Sofia",1,-0.8726457215881296,0,0,4138,-0.4500093593832497,S
678,679,0,3,"Goodwin, Mrs. Frederick (Augusta Tyler)",1,1.0475219184273583,1,6,CA 2144,0.29572908222032107,S
680,681,0,3,"Peters, Miss. Katie",1,-0.10457866558193436,0,0,330935,-0.4843036322500786,Q
682,683,0,3,"Olsvigen, Mr. Thor Anderson",0,-0.7190323103868906,0,0,6563,-0.46241945096696835,S
683,684,0,3,"Goodwin, Mr. Charles Edward",0,-1.1798725439906077,5,2,CA 2144,0.29572908222032107,S
684,685,0,2,"Brown, Mr. Thomas William Solomon",0,2.35323591363789,1,1,29750,0.13675434002577333,S
685,686,0,2,"Laroche, Mr. Joseph Philippe Lemercier",0,-0.33499878238379294,1,2,SC/Paris 2123,0.18865657484452997,C
686,687,0,3,"Panula, Mr. Jaako Arnold",0,-1.1798725439906077,4,1,3101295,0.15058916727371655,S
687,688,0,3,"Dakic, Mr. Branko",0,-0.7958390159875102,0,0,349228,-0.44338675335081607,S
688,689,0,3,"Fischer, Mr. Eberhard Thelander",0,-0.8726457215881296,0,0,350036,-0.49117979293462,S
690,691,1,1,"Dick, Mr. Albert Adrian",0,0.12584145121992418,1,0,17474,0.4989752716082872,S
691,692,1,3,"Karun, Miss. Manca",1,-1.947939599996803,0,1,349256,-0.37806825769394486,C
692,693,1,3,"Lam, Mr. Ali",0,-0.10457866558193436,0,0,1601,0.48882906084695926,S
693,694,0,3,"Saad, Mr. Khalil",0,-0.33499878238379294,0,0,2672,-0.5026662211428032,C
694,695,0,1,"Weir, Col. John",0,2.35323591363789,0,0,113800,-0.11378180431879874,S
695,696,0,2,"Chapman, Mr. Charles Henry",0,1.738782268832934,0,0,248731,-0.3763919797161213,S
696,697,0,3,"Kelly, Mr. James",0,1.124328624027978,0,0,363592,-0.48606442844527137,S
697,698,1,3,"Mullens, Miss. Katherine ""Katie""",1,-0.10457866558193436,0,0,35852,-0.4924375045026148,Q
699,700,0,3,"Humblen, Mr. Adolf Mathias Nicolai Olsen",0,0.9707152128267388,0,0,348121,-0.49411378248043836,S
701,702,1,1,"Silverthorne, Mr. Spencer Victor",0,0.43306827362240224,0,0,PC 17475,-0.11906419290437706,S
702,703,0,3,"Barbara, Miss. Saiide",1,-0.8726457215881296,0,1,2691,-0.3571902456652305,C
703,704,0,3,"Gallagher, Mr. Martin",0,-0.33499878238379294,0,0,36864,-0.4922684680678763,Q
704,705,0,3,"Hansen, Mr. Henrik Juul",0,-0.2581920767831734,1,0,350025,-0.4900045872454856,S
705,706,0,2,"Morley, Mr. Henry Samuel (""Mr Henry Marshall"")",0,0.7402950960248803,0,0,250655,-0.12484966611715335,S
706,707,1,2,"Kelly, Mrs. Florence ""Fannie""",1,1.2011353296285974,0,0,223596,-0.3763919797161213,S
707,708,1,1,"Calderhead, Mr. Edward Pennington",0,0.9707152128267388,0,0,PC 17476,-0.11906419290437706,S
709,710,1,3,"Moubarek, Master. Halim Gonios (""William George"")",0,-0.10457866558193436,1,1,2661,-0.34126057402963506,C
710,711,1,1,"Mayne, Mlle. Berthe Antonine (""Mrs de Villiers"")",1,-0.41180548798441247,0,0,PC 17482,0.34813440166627563,C
711,712,0,1,"Klaber, Mr. Herman",0,-0.10457866558193436,0,0,113028,-0.11378180431879874,S
712,713,1,1,"Taylor, Mr. Elmer Zebley",0,1.4315554464304558,1,0,19996,0.39835834616870003,S
713,714,0,3,"Larsson, Mr. August Viktor",0,-0.02777195998131484,0,0,7545,-0.4572215805987593,S
714,715,0,2,"Greenberg, Mr. Samuel",0,1.738782268832934,0,0,250647,-0.38645367226008004,S
715,716,0,3,"Soholt, Mr. Peter Andreas Lauritz Andersen",0,-0.7958390159875102,0,0,348124,-0.49411378248043836,S
717,718,1,2,"Troutt, Miss. Edwina Celia ""Winnie""",1,-0.1813853711825539,0,0,34218,-0.43676213497987365,S
718,719,0,3,"McEvoy, Mr. Michael",0,-0.10457866558193436,0,0,36568,-0.3361452095402864,Q
719,720,0,3,"Johnson, Mr. Malkolm Joackim",0,0.2794548624211632,0,0,347062,-0.4915983593444487,S
720,721,1,2,"Harper, Miss. Annie Jessie ""Nina""",1,-1.794326188795564,0,1,248727,0.016014029498268727,S
721,722,0,3,"Jensen, Mr. Svend Lauritz",0,-0.9494524271887491,1,0,350048,-0.5061032953158195,S
722,723,0,2,"Gillespie, Mr. William Henry",0,0.3562615680217827,0,0,12233,-0.38645367226008004,S
723,724,0,2,"Hodges, Mr. Henry Price",0,1.585168857631695,0,0,250643,-0.38645367226008004,S
724,725,1,1,"Chambers, Mr. Norman Campbell",0,-0.1813853711825539,1,0,113806,0.4204940697654092,S
725,726,0,3,"Oreskovic, Mr. Luka",0,-0.7190323103868906,0,0,315094,-0.4737388550789219,S
726,727,1,2,"Renouf, Mrs. Peter Henry (Lillian Jefferys)",1,0.049034745619304695,3,0,31027,-0.22546659155674054,S
727,728,1,3,"Mannion, Miss. Margareth",1,-0.10457866558193436,0,0,36866,-0.49235298628524554,Q
728,729,0,2,"Bryhl, Mr. Kurt Arnold Gottfrid",0,-0.33499878238379294,1,0,236853,-0.12484966611715335,S
729,730,0,3,"Ilmakangas, Miss. Pieta Sofia",1,-0.33499878238379294,1,0,STON/O2. 3101271,-0.48857985158126105,S
731,732,0,3,"Hassan, Mr. Houssein G N",0,-1.4102926607924662,0,0,2699,-0.26998958106375787,C
732,733,0,2,"Knight, Mr. Robert J",0,-0.10457866558193436,0,0,239855,-0.6480576784030068,S
733,734,0,2,"Berriman, Mr. William John",0,-0.488612193585032,0,0,28425,-0.38645367226008004,S
734,735,0,2,"Troupiansky, Mr. Moses Aaron",0,-0.488612193585032,0,0,233639,-0.38645367226008004,S
735,736,0,3,"Williams, Mr. Leslie",0,-0.0661753127816246,0,0,54636,-0.32407117848753597,S
736,737,0,3,"Ford, Mrs. Edward (Margaret Ann Watson)",1,1.4315554464304558,1,3,W./C. 6608,0.043683683994155204,S
738,739,0,3,"Ivanoff, Mr. Kanio",0,-0.10457866558193436,0,0,349201,-0.4891674544258282,S
739,740,0,3,"Nankoff, Mr. Minko",0,-0.10457866558193436,0,0,349218,-0.4891674544258282,S
740,741,1,1,"Hawksford, Mr. Walter James",0,-0.10457866558193436,0,0,16988,-0.04435612576548359,S
743,744,0,3,"McNamee, Mr. Neal",0,-0.41180548798441247,1,0,376566,-0.32407117848753597,S
744,745,1,3,"Stranden, Mr. Juho",0,0.12584145121992418,0,0,STON/O 2. 3101288,-0.48857985158126105,S
746,747,0,3,"Abbott, Mr. Rossmore Edward",0,-1.0262591327893686,1,1,C.A. 2673,-0.24055913037267862,S
747,748,1,2,"Sinkkonen, Miss. Anna",1,0.049034745619304695,0,0,250648,-0.38645367226008004,S
748,749,0,1,"Marvin, Mr. Daniel Warner",0,-0.7958390159875102,1,0,113773,0.4204940697654092,S
749,750,0,3,"Connaghton, Mr. Michael",0,0.12584145121992418,0,0,335097,-0.49210144397164657,Q
750,751,1,2,"Wells, Miss. Joan",1,-1.947939599996803,1,1,29103,-0.18521982138090567,S
751,752,1,3,"Moor, Master. Meier",0,-1.794326188795564,0,1,392096,-0.39701844943123665,S
752,753,0,3,"Vande Velde, Mr. Johannes Joseph",0,0.2794548624211632,0,0,345780,-0.4568855200677911,S
753,754,0,3,"Jonkoff, Mr. Lalio",0,-0.488612193585032,0,0,349204,-0.4891674544258282,S
754,755,1,2,"Herman, Mrs. Samuel (Jane Laver)",1,1.4315554464304558,1,2,220845,0.6599623523116267,S
755,756,1,2,"Hamalainen, Master. Viljo",0,-2.203705929646866,1,1,250649,-0.35626859462820387,S
756,757,0,3,"Carlsson, Mr. August Sigfrid",0,-0.10457866558193436,0,0,350042,-0.49117979293462,S
757,758,0,2,"Bailey, Mr. Percy Andrew",0,-0.8726457215881296,0,0,29108,-0.4166387498919562,S
758,759,0,3,"Theobald, Mr. Thomas Leonard",0,0.3562615680217827,0,0,363294,-0.48606442844527137,S
760,761,0,3,"Garfirth, Mr. John",0,-0.10457866558193436,0,0,358585,-0.35626859462820387,S
761,762,0,3,"Nirva, Mr. Iisakki Antino Aijo",0,0.8939085072261194,0,0,SOTON/O2 3101272,-0.504678559651595,S
762,763,1,3,"Barah, Mr. Hanna Assi",0,-0.7190323103868906,0,0,2663,-0.502581702925434,C
764,765,0,3,"Eklund, Mr. Hans Linus",0,-1.0262591327893686,0,0,347074,-0.4915983593444487,S
766,767,0,1,"Brewe, Dr. Arthur Jackson",0,-0.10457866558193436,0,0,112379,0.1488283710785238,C
767,768,0,3,"Mangan, Miss. Mary",1,0.08743809841961443,0,0,364850,-0.49210144397164657,Q
768,769,0,3,"Moran, Mr. Daniel J",0,-0.10457866558193436,1,0,371110,-0.16207792852980066,Q
769,770,0,3,"Gronnestad, Mr. Daniel Danielsen",0,0.20264815682054368,0,0,8471,-0.47977587060529714,S
770,771,0,3,"Lievens, Mr. Rene Aime",0,-0.41180548798441247,0,0,345781,-0.4568855200677911,S
771,772,0,3,"Jensen, Mr. Niels Peder",0,1.4315554464304558,0,0,350047,-0.4900045872454856,S
772,773,0,2,"Mack, Mrs. (Mary)",1,2.1228157968360315,0,0,S.O./P.P. 3,-0.43676213497987365,S
773,774,0,3,"Elias, Mr. Dibo",0,-0.10457866558193436,0,0,2674,-0.5026662211428032,C
774,775,1,2,"Hocking, Mrs. Elizabeth (Eliza Needs)",1,1.892395680034173,1,3,29105,-0.18521982138090567,S
775,776,0,3,"Myhrman, Mr. Pehr Fabian Oliver Malkolm",0,-0.8726457215881296,0,0,347078,-0.49210144397164657,S
776,777,0,3,"Tobin, Mr. Roger",0,-0.10457866558193436,0,0,383121,-0.49210144397164657,Q
777,778,1,3,"Emanuel, Miss. Virginia Ethel",1,-1.8711328943961834,0,0,364516,-0.39701844943123665,S
778,779,0,3,"Kilgannon, Mr. Thomas J",0,-0.10457866558193436,0,0,36865,-0.49235298628524554,Q
780,781,1,3,"Ayoub, Miss. Banoura",1,-1.2566792495912273,0,0,2687,-0.502581702925434,C
781,782,1,1,"Dick, Mrs. Albert Adrian (Vera Gillespie)",1,-0.9494524271887491,1,0,17474,0.4989752716082872,S
782,783,0,1,"Long, Mr. Milton Clyde",0,-0.02777195998131484,0,0,113501,-0.04435612576548359,S
783,784,0,3,"Johnston, Mr. Andrew G",0,-0.10457866558193436,1,2,W./C. 6607,-0.17616429809134285,S
784,785,0,3,"Ali, Mr. William",0,-0.33499878238379294,0,0,SOTON/O.Q. 3101312,-0.5061878135331888,S
785,786,0,3,"Harmer, Mr. Abraham (David Lishin)",0,-0.33499878238379294,0,0,374887,-0.5021631365156053,S
786,787,1,3,"Sjoblom, Miss. Anna Sofia",1,-0.8726457215881296,0,0,3101265,-0.4972168084609952,S
787,788,0,3,"Rice, Master. George Hugh",0,-1.6407127775943249,4,1,382652,-0.06196408771741135,Q
788,789,1,3,"Dean, Master. Bertram Vere",0,-2.1783597167986617,1,2,C.A. 2315,-0.23401903021910547,S
790,791,0,3,"Keane, Mr. Andrew ""Andy""",0,-0.10457866558193436,0,0,12460,-0.49210144397164657,Q
791,792,0,2,"Gaskell, Mr. Alfred",0,-1.0262591327893686,0,0,239865,-0.12484966611715335,S
793,794,0,1,"Hoyt, Mr. William Fisher",0,-0.10457866558193436,0,0,PC 17600,-0.03035427442131066,C
794,795,0,3,"Dantcheff, Mr. Ristiu",0,-0.33499878238379294,0,0,349203,-0.4891674544258282,S
795,796,0,2,"Otter, Mr. Richard",0,0.7402950960248803,0,0,28213,-0.38645367226008004,S
796,797,1,1,"Leader, Dr. Alice (Farnham)",1,1.5083621520310755,0,0,17465,-0.1262744017813779,S
797,798,1,3,"Osman, Mrs. Mara",1,0.12584145121992418,0,0,349244,-0.47332028866909326,S
798,799,0,3,"Ibrahim Shawah, Mr. Yousseff",0,0.049034745619304695,0,0,2685,-0.502581702925434,C
799,800,0,3,"Van Impe, Mrs. Jean Baptiste (Rosalie Paula Govaert)",1,0.049034745619304695,1,1,345773,-0.16207792852980066,S
800,801,0,2,"Ponesell, Mr. Martin",0,0.3562615680217827,0,0,250647,-0.38645367226008004,S
801,802,1,2,"Collyer, Mrs. Harvey (Charlotte Annie Tate)",1,0.12584145121992418,1,1,C.A. 31921,-0.119818819845174,S
803,804,1,3,"Thomas, Master. Assad Alexander",0,-2.2229076060470208,0,1,2625,-0.4766728446247403,C
804,805,1,3,"Hedman, Mr. Oskar Arvid",0,-0.1813853711825539,0,0,347089,-0.5076970674147826,S
805,806,0,3,"Johansson, Mr. Karl Johan",0,0.12584145121992418,0,0,347063,-0.4915983593444487,S
806,807,0,1,"Andrews, Mr. Thomas Jr",0,0.7402950960248803,0,0,112050,-0.6480576784030068,S
807,808,0,3,"Pettersson, Miss. Ellen Natalia",1,-0.8726457215881296,0,0,347087,-0.4915983593444487,S
808,809,0,2,"Meyer, Mr. August",0,0.7402950960248803,0,0,248723,-0.38645367226008004,S
809,810,1,1,"Chambers, Mrs. Norman Campbell (Bertha Griggs)",1,0.2794548624211632,1,0,113806,0.4204940697654092,S
810,811,0,3,"Alexander, Mr. William",0,-0.2581920767831734,0,0,3474,-0.48933447852205797,S
811,812,0,3,"Lester, Mr. James",0,0.7402950960248803,0,0,A/4 48871,-0.16207792852980066,S
812,813,0,2,"Slemen, Mr. Richard James",0,0.43306827362240224,0,0,28206,-0.43676213497987365,S
813,814,0,3,"Andersson, Miss. Ebba Iris Alfrida",1,-1.794326188795564,4,2,347082,-0.018698809778388878,S
814,815,0,3,"Tomlin, Mr. Ernest Portage",0,0.08743809841961443,0,0,364499,-0.48606442844527137,S
815,816,0,1,"Fry, Mr. Richard",0,-0.10457866558193436,0,0,112058,-0.6480576784030068,S
816,817,0,3,"Heininen, Miss. Wendla Maria",1,-0.488612193585032,0,0,STON/O2. 3101290,-0.48857985158126105,S
817,818,0,2,"Mallet, Mr. Albert",0,0.12584145121992418,1,1,S.C./PARIS 2079,0.09659208806730765,C
818,819,0,3,"Holm, Mr. John Fredrik Alexander",0,1.0475219184273583,0,0,C 7075,-0.5182618445859393,S
819,820,0,3,"Skoog, Master. Karl Thorsten",0,-1.4870993663930858,3,2,347088,-0.08661523445011024,S
821,822,1,3,"Lulic, Mr. Nikola",0,-0.1813853711825539,0,0,315098,-0.4737388550789219,S
822,823,0,1,"Reuchlin, Jonkheer. John George",0,0.6634883904242608,0,0,19972,-0.6480576784030068,S
823,824,1,3,"Moor, Mrs. (Beila)",1,-0.1813853711825539,0,1,392096,-0.39701844943123665,S
824,825,0,3,"Panula, Master. Urho Abraham",0,-2.101553011198042,4,1,3101295,0.15058916727371655,S
825,826,0,3,"Flynn, Mr. John",0,-0.10457866558193436,0,0,368323,-0.5082001520419805,Q
826,827,0,3,"Lam, Mr. Len",0,-0.10457866558193436,0,0,1601,0.48882906084695926,S
827,828,1,2,"Mallet, Master. Andre",0,-2.1783597167986617,0,2,S.C./PARIS 2079,0.09659208806730765,C
828,829,1,3,"McCormack, Mr. Thomas Joseph",0,-0.10457866558193436,0,0,367228,-0.49210144397164657,Q
830,831,1,3,"Yasbeck, Mrs. Antoni (Selini Alexander)",1,-1.1030658383899883,1,0,2659,-0.3571902456652305,C
831,832,1,2,"Richards, Master. George Sibley",0,-2.191416856750767,1,1,29106,-0.2707442080045548,S
832,833,0,3,"Saad, Mr. Amin",0,-0.10457866558193436,0,0,2671,-0.502581702925434,C
833,834,0,3,"Augustsson, Mr. Albert",0,-0.488612193585032,0,0,347468,-0.4900045872454856,S
834,835,0,3,"Allum, Mr. Owen George",0,-0.8726457215881296,0,0,2223,-0.481033582173292,S
836,837,0,3,"Pasic, Mr. Jakob",0,-0.6422256047862711,0,0,315097,-0.4737388550789219,S
837,838,0,3,"Sirota, Mr. Maurice",0,-0.10457866558193436,0,0,392092,-0.48606442844527137,S
838,839,1,3,"Chip, Mr. Chang",0,0.20264815682054368,0,0,1601,0.48882906084695926,S
839,840,1,1,"Marechal, Mr. Pierre",0,-0.10457866558193436,0,0,11774,-0.05039314129185883,C
840,841,0,3,"Alhomaki, Mr. Ilmari Rudolf",0,-0.7190323103868906,0,0,SOTON/O2 3101287,-0.48857985158126105,S
841,842,0,2,"Mudd, Mr. Thomas Charles",0,-1.0262591327893686,0,0,S.O./P.P. 3,-0.43676213497987365,S
842,843,1,1,"Serepeca, Miss. Augusta",1,0.049034745619304695,0,0,113798,-0.024232740677566145,C
843,844,0,3,"Lemberopolous, Mr. Peter L",0,0.3946649208220925,0,0,2683,-0.5185133868995382,C
844,845,0,3,"Culumovic, Mr. Jeso",0,-0.9494524271887491,0,0,315090,-0.4737388550789219,S
845,846,0,3,"Abbing, Mr. Anthony",0,0.9707152128267388,0,0,C.A. 5547,-0.4961261209892301,S
847,848,0,3,"Markoff, Mr. Marin",0,0.43306827362240224,0,0,349213,-0.4891674544258282,C
848,849,0,2,"Harper, Rev. John",0,-0.10457866558193436,0,1,248727,0.016014029498268727,S
850,851,0,3,"Andersson, Master. Sigvard Harald Elias",0,-1.947939599996803,4,2,347082,-0.018698809778388878,S
851,852,0,3,"Svensson, Mr. Johan",0,3.428529792046563,0,0,347060,-0.4915983593444487,S
852,853,0,3,"Boulos, Miss. Nourelain",1,-1.5639060719937052,1,1,2678,-0.34126057402963506,C
853,854,1,1,"Lines, Miss. Mary Conover",1,-1.0262591327893686,0,1,PC 17592,0.14480369406094026,S
854,855,0,2,"Carter, Mrs. Ernest Courtenay (Lilian Hughes)",1,1.124328624027978,1,0,244252,-0.12484966611715335,S
855,856,1,3,"Aks, Mrs. Sam (Leah Rosen)",1,-0.8726457215881296,0,1,392091,-0.45990402783097867,S
857,858,1,1,"Daly, Mr. Peter Denis ",0,1.6619755632323145,0,0,113055,-0.11378180431879874,S
858,859,1,3,"Baclini, Mrs. Solomon (Latifa Qurban)",1,-0.41180548798441247,0,3,2666,-0.26051549136436636,C
859,860,0,3,"Razi, Mr. Raihed",0,-0.10457866558193436,0,0,2629,-0.502581702925434,C
860,861,0,3,"Hansen, Mr. Claus Peter",0,0.8939085072261194,2,0,350026,-0.36415092456714115,S
861,862,0,2,"Giles, Mr. Frederick Edward",0,-0.6422256047862711,1,0,28134,-0.4166387498919562,S
862,863,1,1,"Swift, Mrs. Frederick Joel (Margaret Welles Barron)",1,1.4315554464304558,0,0,17466,-0.1262744017813779,S
864,865,0,2,"Gill, Mr. John William",0,-0.41180548798441247,0,0,233866,-0.38645367226008004,S
865,866,1,2,"Bystrom, Mrs. (Karolina)",1,0.9707152128267388,0,0,236852,-0.38645367226008004,S
866,867,1,2,"Duran y More, Miss. Asuncion",1,-0.1813853711825539,1,0,SC/PARIS 2149,-0.3691817708391205,C
867,868,0,1,"Roebling, Mr. Washington Augustus II",0,0.12584145121992418,0,0,PC 17590,0.36808875031945465,S
868,869,0,3,"van Melkebeke, Mr. Philemon",0,-0.10457866558193436,0,0,345777,-0.4568855200677911,S
869,870,1,3,"Johnson, Master. Harold Theodor",0,-1.947939599996803,1,1,347742,-0.42401799520369554,S
870,871,0,3,"Balkic, Mr. Cerin",0,-0.2581920767831734,0,0,349248,-0.4891674544258282,S
871,872,1,1,"Beckwith, Mrs. Richard Leonard (Sallie Monypeny)",1,1.3547487408298364,1,1,11751,0.40951072618442386,S
872,873,0,1,"Carlsson, Mr. Frans Olof",0,0.2794548624211632,0,0,695,-0.5474407529634195,S
873,874,0,3,"Vander Cruyssen, Mr. Victor",0,1.3547487408298364,0,0,345765,-0.4669472126117498,S
874,875,1,2,"Abelson, Mrs. Samuel (Hannah Wizosky)",1,-0.10457866558193436,1,0,P/PP 3381,-0.16509643629298823,C
875,876,1,3,"Najib, Miss. Adele Kiamie ""Jane""",1,-1.1030658383899883,0,0,2667,-0.5026662211428032,C
876,877,0,3,"Gustafsson, Mr. Alfred Ossian",0,-0.7190323103868906,0,0,7534,-0.4499268535043892,S
877,878,0,3,"Petroff, Mr. Nedelio",0,-0.7958390159875102,0,0,349212,-0.4891674544258282,S
878,879,0,3,"Laleff, Mr. Kristo",0,-0.10457866558193436,0,0,349217,-0.4891674544258282,S
880,881,1,2,"Shelley, Mrs. William (Imanita Parrish Hall)",1,-0.33499878238379294,0,1,230433,-0.12484966611715335,S
881,882,0,3,"Markun, Mr. Johann",0,0.2794548624211632,0,0,349257,-0.4891674544258282,S
882,883,0,3,"Dahlberg, Miss. Gerda Ulrika",1,-0.5654188991856516,0,0,7552,-0.4364260744489054,S
883,884,0,2,"Banfield, Mr. Frederick James",0,-0.10457866558193436,0,0,C.A./SOTON 34068,-0.43676213497987365,S
884,885,0,3,"Sutehall, Mr. Henry Jr",0,-0.33499878238379294,0,0,SOTON/OQ 392076,-0.5061878135331888,S
885,886,0,3,"Rice, Mrs. William (Margaret Norton)",1,0.7402950960248803,0,5,382652,-0.06196408771741135,Q
886,887,0,2,"Montvila, Rev. Juozas",0,-0.1813853711825539,0,0,211536,-0.38645367226008004,S
887,888,1,1,"Graham, Miss. Margaret Edith",1,-0.7958390159875102,0,0,112053,-0.04435612576548359,S
888,889,0,3,"Johnston, Miss. Catherine Helen ""Carrie""",1,-0.10457866558193436,1,2,W./C. 6607,-0.17616429809134285,S
889,890,1,1,"Behr, Mr. Karl Howell",0,-0.2581920767831734,0,0,111369,-0.04435612576548359,C
890,891,0,3,"Dooley, Mr. Patrick",0,0.20264815682054368,0,0,370376,-0.49210144397164657,Q
